reporting_financial_company_name,account_holder_name,account_number,contact_number,account_holder_type,correspondance_address,account_type,country
DNB Bank,Meline,3521465479,81457112,Individual,dummy address 1,Savings,United Kingdom
Banco BIG,Anae,4563214879,81123598,Individual,dummy address 2,Savings,United Kingdom
Banco Santander,Penelope,5621473298,81457112,Individual,dummy address 3,Savings,United Kingdom
Banco BAI Europa,Ku,3124569734,81123569,Individual,dummy address 4,Savings,United Kingdom
Deutsche Bank,Micheal,9654213765,81457159,Joint,dummy address 5,Savings,United Kingdom
Royal Bank of Scotland,Melia,6542137893,81123589,Individual,dummy address 6,Savings,United Kingdom
BNP Paribas,Nehemie,2036540197,81457113,Individual,dummy address 7,Savings,United Kingdom
UniCredit Bank Austria AG,Goran,9065321743,81123585,Individual,dummy address 8,Savings,United Kingdom
Danske Bank,Gosta,3521465449,81457135,Individual,dummy address 9,Savings,United Kingdom
Eurobank,Naelle Group of Companies Ltd.,4563214819,81123593,Business,dummy address 10,Current,United Kingdom
ING Bank,Publicite Group of Companies Ltd.,5621473468,81457109,Business,dummy address 11,Current,United Kingdom
Intesa Sanpaolo Bank,Judicael Group of Companies Ltd.,3124569374,81123601,Business,dummy address 12,Current,United Kingdom
Barclays,Dafnee Group of Companies Ltd.,9654213145,81457121,Business,dummy address 13,Current,United Kingdom
BNP Paribas,Athena Group of Companies Ltd.,6542134593,81123609,Business,dummy address 14,Current,United Kingdom
Erste Group Bank,Becassine Group of Companies Ltd.,2036548597,81457120,Business,dummy address 15,Current,United Kingdom
Danske Bank,Marie81therese Group of Companies Ltd.,9065325343,81123612,Business,dummy address 16,Current,United Kingdom
AXA Banque,Ruo Group of Companies Ltd.,6549837893,81457125,Business,dummy address 17,Current,United Kingdom
Eurobank,Berangere Group of Companies Ltd.,2034240197,81123587,Business,dummy address 18,Current,United Kingdom
Commerzbank,Gisele Group of Companies Ltd.,9065091743,81457175,Business,dummy address 19,Current,United Kingdom
DNB Bank,Laurene Group of Companies Ltd.,6570134593,81123643,Business,dummy address 20,Current,United Kingdom
HDFC Bank,Yazhan Group of Companies Ltd.,9804534593,81125143,Business,dummy address 21,Current,United Kingdom
DNB Bank,MelineA,3521465470,81457113,Individual,dummy address 22,Savings,United Kingdom
Banco BIG,AnaeA,4563214870,81123599,Individual,dummy address 23,Savings,United Kingdom
Banco Santander,PenelopeA,5621473299,81457113,Individual,dummy address 24,Savings,United Kingdom
Banco BAI Europa,KuA,3124569735,81123560,Individual,dummy address 25,Savings,United Kingdom
Deutsche Bank,MichealA,9654213766,81457150,Joint,dummy address 26,Savings,United Kingdom
Royal Bank of Scotland,MeliaA,6542137894,81123580,Individual,dummy address 27,Savings,United Kingdom
BNP Paribas,NehemieA,2036540198,81457114,Individual,dummy address 28,Savings,United Kingdom
UniCredit Bank Austria AG,GoranA,9065321744,81123586,Individual,dummy address 29,Savings,United Kingdom
Danske Bank,GostaA,3521465440,81457136,Individual,dummy address 30,Savings,United Kingdom
Eurobank,Naelle-A Group of Companies Ltd.,4563214519,82223593,Business,dummy address 31,Current,United Kingdom
ING Bank,Publicite-A Group of Companies Ltd.,5621473168,89857109,Business,dummy address 32,Current,United Kingdom
Intesa Sanpaolo Bank,Judicael-A Group of Companies Ltd.,3124569074,87623601,Business,dummy address 33,Current,United Kingdom
Barclays,Dafnee-A Group of Companies Ltd.,9654213845,87657121,Business,dummy address 34,Current,United Kingdom
BNP Paribas,Athena-A Group of Companies Ltd.,6542134293,84323609,Business,dummy address 35,Current,United Kingdom
Erste Group Bank,Becassine-A Group of Companies Ltd.,2036548297,88657120,Business,dummy address 36,Current,United Kingdom
Danske Bank,Marie therese Group of Companies Ltd.,9065325043,80023612,Business,dummy address 37,Current,United Kingdom
AXA Banque,Ruo-A Group of Companies Ltd.,6549837593,89257125,Business,dummy address 38,Current,United Kingdom
Eurobank,Berangere-A Group of Companies Ltd.,2034240897,83723587,Business,dummy address 39,Current,United Kingdom
Commerzbank,Gisele-A Group of Companies Ltd.,9065091443,82757175,Business,dummy address 40,Current,United Kingdom
DNB Bank,Laurene-A Group of Companies Ltd.,6570134293,85323643,Business,dummy address 41,Current,United Kingdom
HDFC Bank,Yazhan-A Group of Companies Ltd.,9804534193,80925143,Business,dummy address 42,Current,United Kingdom
DNB Bank,MelineE,3543465470,81455913,Individual,dummy address 43,Savings,United Kingdom
Banco BIG,AnaeS,4520214870,81127099,Individual,dummy address 44,Savings,United Kingdom
Banco Santander,PenelopeE,5656473299,81454213,Individual,dummy address 45,Savings,United Kingdom
Banco BAI Europa,KuO,3167569735,81127060,Individual,dummy address 46,Savings,United Kingdom
Deutsche Bank,MichealU,9691213766,81454750,Joint,dummy address 47,Savings,United Kingdom
Royal Bank of Scotland,MeliaX,6585137894,81127380,Individual,dummy address 48,Savings,United Kingdom
BNP Paribas,NehemieO,2072540198,81458914,Individual,dummy address 49,Savings,United Kingdom
DNB Bank,JuliN,1502376282,81790448,Individual,dummy address 50,Savings,United Kingdom
Banco BIG,Decapro,5311713066,82121982,Individual,dummy address 51,Savings,United Kingdom
Banco Santander,Walter,9121049850,82453516,Individual,dummy address 52,Savings,United Kingdom
Banco BAI Europa,CameroonJ,2930386634,82785050,Individual,dummy address 53,Savings,United Kingdom
Deutsche Bank,JamesC,6739723418,83116584,Individual,dummy address 54,Savings,United Kingdom
Royal Bank of Scotland,RishiS,2549060202,83448118,Individual,dummy address 55,Savings,United Kingdom
BNP Paribas,XuPeng,4358396986,83779652,Individual,dummy address 56,Savings,United Kingdom
UniCredit Bank Austria AG,KimJon,8167733770,84111186,Individual,dummy address 57,Savings,United Kingdom
Danske Bank,Olakam,1977070554,84442720,Individual,dummy address 58,Savings,United Kingdom
Eurobank,RajuI,5786407338,84774254,Individual,dummy address 59,Savings,United Kingdom
ING Bank,AbrahamH,9595744122,85105788,Individual,dummy address 60,Savings,United Kingdom
Intesa Sanpaolo Bank,SherilJ,3405080906,85437322,Individual,dummy address 61,Savings,United Kingdom
Barclays,KarthikN,7214417690,85768856,Individual,dummy address 62,Savings,United Kingdom
BNP Paribas,SahilK,1023754474,86100390,Individual,dummy address 63,Savings,United Kingdom
Erste Group Bank,VimalK,4833091258,86431924,Individual,dummy address 64,Savings,United Kingdom
Danske Bank,OmKar,8642428042,86763458,Individual,dummy address 65,Savings,United Kingdom
AXA Banque,ParvinderB,2451764826,87094992,Individual,dummy address 66,Savings,United Kingdom
Eurobank,Soheyl,6261101610,87426526,Individual,dummy address 67,Savings,United Kingdom
Commerzbank,SivaK,7070438394,87758060,Individual,dummy address 68,Savings,United Kingdom
DNB Bank,FedrickL,3879775178,88089594,Individual,dummy address 69,Savings,United Kingdom
DNB Bank,CaramsF,7689111962,88421128,Individual,dummy address 70,Savings,United Kingdom
Banco BIG,ElizabathQ,1498448746,88752662,Individual,dummy address 71,Savings,United Kingdom
Banco Santander,GrahamB,5307785530,89084196,Individual,dummy address 72,Savings,United Kingdom
Banco BAI Europa,JohnG,9117122314,89415730,Individual,dummy address 73,Savings,United Kingdom
Deutsche Bank,BediK,2926459098,89747264,Individual,dummy address 74,Savings,United Kingdom
Royal Bank of Scotland,Kiran,7735795882,90078798,Individual,dummy address 75,Savings,United Kingdom
BNP Paribas,MichelT,5545132666,90410332,Individual,dummy address 76,Savings,United Kingdom
UniCredit Bank Austria AG,RajivB,1354469450,90741866,Individual,dummy address 77,Savings,United Kingdom
Danske Bank,Naelli Group of Companies Ltd.,3913806234,91073400,Business,dummy address 78,Current,United Kingdom
Eurobank,Publicit-B Group of Companies Ltd.,3639809685,91404934,Business,dummy address 79,Current,United Kingdom
ING Bank,Judicael-E Group of Companies Ltd.,3365813135,91736468,Business,dummy address 80,Current,United Kingdom
Intesa Sanpaolo Bank,Dafnee-E Group of Companies Ltd.,3091816586,92068002,Business,dummy address 81,Current,United Kingdom
Barclays,Athena-E Group of Companies Ltd.,2817820037,92399536,Business,dummy address 82,Current,United Kingdom
BNP Paribas,BecassinE-E Group of Companies Ltd.,2543823487,92731070,Business,dummy address 83,Current,United Kingdom
Erste Group Bank,Marie-E therese Group of Companies Ltd.,2269826938,93062604,Business,dummy address 84,Current,United Kingdom
Danske Bank,Ruo-E Group of Companies Ltd.,1995830389,93394138,Business,dummy address 85,Current,United Kingdom
AXA Banque,Berangere-E Group of Companies Ltd.,1721833839,93725672,Business,dummy address 86,Current,United Kingdom
Eurobank,Gisele-E Group of Companies Ltd.,1447837290,94057206,Business,dummy address 87,Current,United Kingdom
