fuel_type,min_manufactured_year_range,max_manufactured_year_range,min_cc_range,max_cc_range,emission_factor,unit
Petrol,2015,2030,0,1350,2.4,kgCO2e/km
Petrol,2015,2030,1350,1600,2.75,kgCO2e/km
Petrol,2015,2030,1600,2000,3.2,kgCO2e/km
Petrol,2015,2030,2000,3000,4.1,kgCO2e/km
Petrol,2015,2030,3000,15000,5,kgCO2e/km
Diesel,2015,2030,0,1350,2.6,kgCO2e/km
Diesel,2015,2030,1350,1600,2.95,kgCO2e/km
Diesel,2015,2030,1600,2000,3.4,kgCO2e/km
Diesel,2015,2030,2000,3000,4.3,kgCO2e/km
Diesel,2015,2030,3000,15000,5.4,kgCO2e/km
Petrol hybrid,2015,2030,0,1350,0.144,kgCO2e/km
Petrol hybrid,2015,2030,1350,1600,0.155,kgCO2e/km
Petrol hybrid,2015,2030,1600,2000,0.208,kgCO2e/km
Petrol hybrid,2015,2030,2000,3000,0.221,kgCO2e/km
Petrol hybrid,2015,2030,3000,15000,0.252,kgCO2e/km
Diesel hybrid,2015,2030,0,1350,0.17,kgCO2e/km
Diesel hybrid,2015,2030,1350,1600,0.163,kgCO2e/km
Diesel hybrid,2015,2030,1600,2000,0.217,kgCO2e/km
Diesel hybrid,2015,2030,2000,3000,0.233,kgCO2e/km
Diesel hybrid,2015,2030,3000,15000,0.236,kgCO2e/km
