reporting_financial_company_name,account_holder_name,account_number,account_holder_type,account_type,loan_account_number,country,type_of_loan,vehicle_type,refinance,total_sanctioned_loan_amount_for_vehicle,calender_year,loan_disbursed_year,outstanding_amount,tenure_in_years,monthly_payment_amount,past_due_payments_in_months
DNB Bank,Meline,3521465479,Individual,Savings,6524565474,United Kingdom,Motor Vehicle,Car SUV,No,12277.44,2023,2023,12277.44,5,204.624,0
Banco BIG,Anae,4563214879,Individual,Savings,9566414873,United Kingdom,Motor Vehicle,Car SUV,No,9730.44,2023,2023,9730.44,5,162.174,0
Banco Santander,Penelope,5621473298,Individual,Savings,4622873299,United Kingdom,Motor Vehicle,Car SUV,No,13860,2023,2023,13860,5,231,0
Banco BAI Europa,Ku,3124569734,Individual,Savings,1129069732,United Kingdom,Motor Vehicle,Car SUV,No,17100,2023,2023,17100,5,285,0
Deutsche Bank,Micheal,9654213765,Joint,Savings,8658413760,United Kingdom,Motor Vehicle,Car SUV,No,16875,2023,2023,16875,5,281.25,0
Royal Bank of Scotland,Melia,6542137893,Individual,Savings,5044237896,United Kingdom,Motor Vehicle,Car SUV,No,24255,2023,2023,24255,5,404.25,0
BNP Paribas,Nehemie,2036540197,Individual,Savings,1033040194,United Kingdom,Motor Vehicle,Car SUV,No,10755,2023,2023,10755,5,179.25,0
UniCredit Bank Austria AG,Goran,9065321743,Individual,Savings,6006721746,United Kingdom,Motor Vehicle,Car SUV,No,8943.88,2023,2023,8943.88,5,149.0646667,0
Danske Bank,Gosta,3521465449,Individual,Savings,4522865449,United Kingdom,Motor Vehicle,Car SUV,No,8730,2023,2023,8730,5,145.5,0
Eurobank,Naelle Group of Companies Ltd.,4563214819,Business,Current,9566414819,United Kingdom,Motor Vehicle,Car SUV,No,9090,2023,2023,9090,5,151.5,0
Eurobank,Publicite Group of Companies Ltd.,5621473468,Business,Current,2622873468,United Kingdom,Motor Vehicle,Car Hatchback,No,3982.5,2023,2023,3982.5,5,66.375,0
Intesa Sanpaolo Bank,Judicael Group of Companies Ltd.,3124569374,Business,Current,1129069374,United Kingdom,Motor Vehicle,Car Hatchback,No,12555,2023,2023,12555,5,209.25,0
Barclays,Dafnee Group of Companies Ltd.,9654213145,Business,Current,7658413145,United Kingdom,Motor Vehicle,Car SUV,No,9495,2023,2023,9495,5,158.25,0
BNP Paribas,Athena Group of Companies Ltd.,6542134593,Business,Current,3544234593,United Kingdom,Motor Vehicle,Car SUV,No,9180,2023,2023,9180,5,153,0
Erste Group Bank,Becassine Group of Companies Ltd.,2036548597,Business,Current,9032048597,United Kingdom,Motor Vehicle,Car SUV,No,11385,2023,2023,11385,5,189.75,0
Danske Bank,Marie81therese Group of Companies Ltd.,9065325343,Business,Current,6060625343,United Kingdom,Motor Vehicle,Car SUV,No,7920,2023,2023,7920,5,132,0
AXA Banque,Ruo Group of Companies Ltd.,6549837893,Business,Current,4549437893,United Kingdom,Motor Vehicle,Car SUV,No,13815,2023,2023,13815,5,230.25,0
Eurobank,Berangere Group of Companies Ltd.,2034240197,Business,Current,1038440197,United Kingdom,Motor Vehicle,Car SUV,No,15615,2023,2023,15615,5,260.25,0
Commerzbank,Gisele Group of Companies Ltd.,9065091743,Business,Current,6000091743,United Kingdom,Motor Vehicle,Car Sedan,No,14445,2023,2023,14445,5,240.75,0
DNB Bank,Laurene Group of Companies Ltd.,6570134593,Business,Current,4572034593,United Kingdom,Motor Vehicle,Car Sedan,No,15300,2023,2023,15300,5,255,0
HDFC Bank,Yazhan Group of Companies Ltd.,9804534593,Business,Current,7572034593,United Kingdom,Motor Vehicle,Car Hatchback,No,7272.56,2023,2023,7272.56,5,121.2093333,0
DNB Bank,MelineA,3521465470,Individual,Savings,6524565475,United Kingdom,Motor Vehicle,Car Hatchback,No,10660,2023,2023,10660,5,177.6666667,0
Banco BIG,AnaeA,4563214870,Individual,Savings,9566414874,United Kingdom,Motor Vehicle,Car SUV,No,11430,2023,2023,11430,5,190.5,0
Banco Santander,PenelopeA,5621473299,Individual,Savings,4622873290,United Kingdom,Motor Vehicle,Car SUV,No,12015,2023,2023,12015,5,200.25,0
Banco BAI Europa,KuA,3124569735,Individual,Savings,1129069733,United Kingdom,Motor Vehicle,Car Sedan,No,17425,2023,2023,17425,5,290.4166667,0
Deutsche Bank,MichealA,9654213766,Joint,Savings,8658413761,United Kingdom,Motor Vehicle,Car Sedan,No,19167.5,2023,2023,19167.5,5,319.4583333,0
Royal Bank of Scotland,MeliaA,6542137894,Individual,Savings,5044237897,United Kingdom,Motor Vehicle,Car Sedan,No,11989.71,2023,2023,11989.71,5,199.8285,0
BNP Paribas,NehemieA,2036540198,Individual,Savings,1033040195,United Kingdom,Motor Vehicle,Car Sedan,No,12000,2023,2023,12000,5,200,0
UniCredit Bank Austria AG,GoranA,9065321744,Individual,Savings,6006721747,United Kingdom,Motor Vehicle,Car Sedan,No,20385,2023,2023,20385,5,339.75,0
Danske Bank,GostaA,3521465440,Individual,Savings,4522865440,United Kingdom,Motor Vehicle,Car Sedan,No,17685,2023,2023,17685,5,294.75,0
Eurobank,Naelle-A Group of Companies Ltd.,4563214519,Business,Current,4029382472,United Kingdom,Motor Vehicle,Car Hatchback,No,14040,2023,2023,14040,5,234,0
ING Bank,Publicite-A Group of Companies Ltd.,5621473168,Business,Current,8263434727,United Kingdom,Motor Vehicle,Car Hatchback,No,11340,2023,2023,11340,5,189,0
Intesa Sanpaolo Bank,Judicael-A Group of Companies Ltd.,3124569074,Business,Current,4966758234,United Kingdom,Motor Vehicle,Car Hatchback,No,11430,2023,2023,11430,5,190.5,0
Barclays,Dafnee-A Group of Companies Ltd.,9654213845,Business,Current,6910126973,United Kingdom,Motor Vehicle,Car Hatchback,No,8752.5,2023,2023,8752.5,5,145.875,0
BNP Paribas,Athena-A Group of Companies Ltd.,6542134293,Business,Current,1970703853,United Kingdom,Motor Vehicle,Car Sedan,No,13725,2023,2023,13725,5,228.75,0
Erste Group Bank,Becassine-A Group of Companies Ltd.,2036548297,Business,Current,9025702017,United Kingdom,Motor Vehicle,Car Sedan,No,16020,2023,2023,16020,5,267,0
Danske Bank,Marie therese Group of Companies Ltd.,9065325043,Business,Current,3529372240,United Kingdom,Motor Vehicle,Car SUV,No,14040,2023,2023,14040,5,234,0
AXA Banque,Ruo-A Group of Companies Ltd.,6549837593,Business,Current,5513796291,United Kingdom,Motor Vehicle,Car SUV,No,12105,2023,2023,12105,5,201.75,0
Eurobank,Berangere-A Group of Companies Ltd.,2034240897,Business,Current,5917134409,United Kingdom,Motor Vehicle,Car Hatchback,No,7245,2023,2023,7245,5,120.75,0
Commerzbank,Gisele-A Group of Companies Ltd.,9065091443,Business,Current,3125803220,United Kingdom,Motor Vehicle,Car Hatchback,No,6975,2023,2023,6975,5,116.25,0
DNB Bank,Laurene-A Group of Companies Ltd.,6570134293,Business,Current,1765982098,United Kingdom,Motor Vehicle,Car Hatchback,No,5805,2023,2023,5805,5,96.75,0
HDFC Bank,Yazhan-A Group of Companies Ltd.,9804534193,Business,Current,3098911211,United Kingdom,Motor Vehicle,Car Hatchback,No,5805,2023,2023,5805,5,96.75,0
DNB Bank,MelineE,3543465470,Individual,Savings,2352876141,United Kingdom,Motor Vehicle,Car SUV,No,11610,2023,2023,11610,5,193.5,0
Banco BIG,AnaeS,4520214870,Individual,Savings,9681108956,United Kingdom,Motor Vehicle,Car SUV,No,10540,2023,2023,10540,5,175.6666667,0
Banco Santander,PenelopeE,5656473299,Individual,Savings,9492267631,United Kingdom,Motor Vehicle,Car Hatchback,No,6000,2023,2023,6000,5,100,0
Banco BAI Europa,KuO,3167569735,Individual,Savings,7876278534,United Kingdom,Motor Vehicle,Car Hatchback,No,7437.5,2023,2023,7437.5,5,123.9583333,0
Deutsche Bank,MichealU,9691213766,Joint,Savings,1540580558,United Kingdom,Motor Vehicle,Car Sedan,No,19890,2023,2023,19890,5,331.5,0
Royal Bank of Scotland,MeliaX,6585137894,Individual,Savings,6212232266,United Kingdom,Motor Vehicle,Car Sedan,No,8749.52,2023,2023,8749.52,5,145.8253333,0
BNP Paribas,NehemieO,2072540198,Individual,Savings,9572450028,United Kingdom,Motor Vehicle,Car Hatchback,No,5580,2023,2023,5580,5,93,0
DNB Bank,JuliN,1502376282,Individual,Savings,8740426894,United Kingdom,Motor Vehicle,Motor Bike,No,7131.34,2023,2023,7131.34,5,118.8556667,0
Banco BIG,Decapro,5311713066,Individual,Savings,9716443513,United Kingdom,Motor Vehicle,Motor Bike,No,10904.01,2023,2023,10904.01,5,181.7335,0
Banco Santander,Walter,9121049850,Individual,Savings,3692460132,United Kingdom,Motor Vehicle,Motor Bike,No,9335.99,2023,2023,9335.99,5,155.5998333,0
Banco BAI Europa,CameroonJ,2930386634,Individual,Savings,8668476751,United Kingdom,Motor Vehicle,Motor Bike,No,15387.47,2023,2023,15387.47,5,256.4578333,0
Deutsche Bank,JamesC,6739723418,Individual,Savings,2644493370,United Kingdom,Motor Vehicle,Motor Bike,No,4400,2023,2023,4400,5,73.33333333,0
Royal Bank of Scotland,RishiS,2549060202,Individual,Savings,3620509989,United Kingdom,Motor Vehicle,Motor Bike,No,18070.15,2023,2023,18070.15,5,301.1691667,0
BNP Paribas,XuPeng,4358396986,Individual,Savings,4596526608,United Kingdom,Motor Vehicle,Motor Bike,No,13649.28,2023,2023,13649.28,5,227.488,0
UniCredit Bank Austria AG,KimJon,8167733770,Individual,Savings,5572543227,United Kingdom,Motor Vehicle,Motor Bike,No,13472.68,2023,2023,13472.68,5,224.5446667,0
Danske Bank,Olakam,1977070554,Individual,Savings,6548559846,United Kingdom,Motor Vehicle,Motor Bike,No,11367.52,2023,2023,11367.52,5,189.4586667,0
Eurobank,RajuI,5786407338,Individual,Savings,7524576465,United Kingdom,Motor Vehicle,Motor Bike,No,14432.79,2023,2023,14432.79,5,240.5465,0
ING Bank,AbrahamH,9595744122,Individual,Savings,8500593084,United Kingdom,Motor Vehicle,Motor Bike,No,13439.53,2023,2023,13439.53,5,223.9921667,0
Intesa Sanpaolo Bank,SherilJ,3405080906,Individual,Savings,9476609703,United Kingdom,Motor Vehicle,Motor Bike,No,6766.92,2023,2023,6766.92,5,112.782,0
Barclays,KarthikN,7214417690,Individual,Savings,2452626322,United Kingdom,Motor Vehicle,Motor Bike,No,16410.52,2023,2023,16410.52,5,273.5086667,0
BNP Paribas,SahilK,1023754474,Individual,Savings,1428642941,United Kingdom,Motor Vehicle,Motor Bike,No,10000,2023,2023,10000,5,166.6666667,0
Erste Group Bank,VimalK,4833091258,Individual,Savings,2404659560,United Kingdom,Motor Vehicle,Motor Bike,No,12118.4,2023,2023,12118.4,5,201.9733333,0
Danske Bank,OmKar,8642428042,Individual,Savings,1219323821,United Kingdom,Motor Vehicle,Motor Bike,No,16656.3,2023,2023,16656.3,5,277.605,0
AXA Banque,ParvinderB,2451764826,Individual,Savings,3243307202,United Kingdom,Motor Vehicle,Motor Bike,No,6400,2023,2023,6400,5,106.6666667,0
Eurobank,Soheyl,6261101610,Individual,Savings,5267290583,United Kingdom,Motor Vehicle,Motor Bike,No,5600,2023,2023,5600,5,93.33333333,0
Commerzbank,SivaK,7070438394,Individual,Savings,7291273964,United Kingdom,Motor Vehicle,Motor Bike,No,9440,2023,2023,9440,5,157.3333333,0
DNB Bank,FedrickL,3879775178,Individual,Savings,9315257345,United Kingdom,Motor Vehicle,Motor Bike,No,11520,2023,2023,11520,5,192,0
DNB Bank,CaramsF,7689111962,Individual,Savings,1339240726,United Kingdom,Motor Vehicle,Motor Bike,No,4760,2023,2023,4760,5,79.33333333,0
Banco BIG,ElizabathQ,1498448746,Individual,Savings,3363224107,United Kingdom,Motor Vehicle,Van,No,13612.77,2023,2023,13612.77,5,226.8795,0
Banco Santander,GrahamB,5307785530,Individual,Savings,5387207488,United Kingdom,Motor Vehicle,Van,No,15366.06,2023,2023,15366.06,5,256.101,0
Banco BAI Europa,JohnG,9117122314,Individual,Savings,7411190869,United Kingdom,Motor Vehicle,Van,No,17094.52,2023,2023,17094.52,5,284.9086667,0
Deutsche Bank,BediK,2926459098,Individual,Savings,9435174250,United Kingdom,Motor Vehicle,Van,No,23940,2023,2023,23940,5,399,0
Royal Bank of Scotland,Kiran,7735795882,Individual,Savings,1459157631,United Kingdom,Motor Vehicle,Van,No,33210,2023,2023,33210,5,553.5,0
BNP Paribas,MichelT,5545132666,Individual,Savings,3483141012,United Kingdom,Motor Vehicle,Van,No,12600,2023,2023,12600,5,210,0
UniCredit Bank Austria AG,RajivB,1354469450,Individual,Savings,5507124393,United Kingdom,Motor Vehicle,Van,No,3240,2023,2023,3240,5,54,0
Danske Bank,Naelli Group of Companies Ltd.,3913806234,Business,Current,7531107774,United Kingdom,Motor Vehicle,Van,No,14134.44,2023,2023,14134.44,5,235.574,0
Eurobank,Publicit-B Group of Companies Ltd.,3639809685,Business,Current,9555091155,United Kingdom,Motor Vehicle,Van,No,17685,2023,2023,17685,5,294.75,0
ING Bank,Judicael-E Group of Companies Ltd.,3365813135,Business,Current,1579074536,United Kingdom,Motor Vehicle,Van,No,24390,2023,2023,24390,5,406.5,0
Intesa Sanpaolo Bank,Dafnee-E Group of Companies Ltd.,3091816586,Business,Current,3603057917,United Kingdom,Motor Vehicle,Van,No,14960,2023,2023,14960,5,249.3333333,0
Barclays,Athena-E Group of Companies Ltd.,2817820037,Business,Current,5627041298,United Kingdom,Motor Vehicle,Van,No,19465,2023,2023,19465,5,324.4166667,0
BNP Paribas,BecassinE-E Group of Companies Ltd.,2543823487,Business,Current,7651024679,United Kingdom,Motor Vehicle,Van,No,14960,2023,2023,14960,5,249.3333333,0
Erste Group Bank,Marie-E therese Group of Companies Ltd.,2269826938,Business,Current,9675008060,United Kingdom,Motor Vehicle,Van,No,17255,2023,2023,17255,5,287.5833333,0
Danske Bank,Ruo-E Group of Companies Ltd.,1995830389,Business,Current,1698991441,United Kingdom,Motor Vehicle,Van,No,9435,2023,2023,9435,5,157.25,0
AXA Banque,Berangere-E Group of Companies Ltd.,1721833839,Business,Current,3722974822,United Kingdom,Motor Vehicle,Van,No,7288.75,2023,2023,7288.75,5,121.4791667,0
Eurobank,Gisele-E Group of Companies Ltd.,1447837290,Business,Current,5746958203,United Kingdom,Motor Vehicle,Heavy Vehicle,No,22025.48,2023,2023,22025.48,5,367.0913333,0
