reporting_financial_company_name,account_holder_name,account_number,loan_account_number,country,calender_year,purpose_of_vehicle,vehicle_type,make,model,fuel_type,version,vehicle_mass,engine_capacity,efficiency_of_vehicle,car_year,units_consumed_per_month,estimated_fuel_consumption_per_month,estimated_distance_travel_per_month
DNB Bank,Meline,3521465479,6524565474,United Kingdom,2023,Personal,Car SUV,KIA,Stonic 1.0T GDi 48V Connect 5dr DCT,Petrol,KNAD6817VN6698766,1710,998,0.052994171,2023,,,
Banco BIG,Anae,4563214879,9566414873,United Kingdom,2023,Family,Car SUV,KIA,Stonic 1.0T GDi 48V Connect 5dr,Petrol,KNAD6817LN6656139,1525,998,0.05399568,2023,,,
Banco Santander,Penelope,5621473298,4622873299,United Kingdom,2023,Personal,Car SUV,KIA,Stonic 1.0T GDi 4 5dr,Petrol,KNAD6811LL6441821,1384,998,0.055555556,2023,,,
Banco BAI Europa,Ku,3124569734,1129069732,United Kingdom,2023,Family,Car SUV,KIA,Stonic 1.0T GDi 48V GT-Line S 5dr,Petrol,KNADD817LM6510201,1525,998,0.055555556,2023,,,
Deutsche Bank,Micheal,9654213765,8658413760,United Kingdom,2023,Personal,Car SUV,KIA,Sportage 1.6 CRDi 48V ISG GT-Line 5dr DCT Auto,Diesel,U5YPK812VLL806765,1627,1598,0.050994391,2023,,,
Royal Bank of Scotland,Melia,6542137893,5044237896,United Kingdom,2023,Family,Car SUV,KIA,Sportage 1.6T GDi GT-Line S 5dr DCT Auto [AWD],Petrol,U5YPK816WML112616,1637,1598,0.052631579,2023,,,
BNP Paribas,Nehemie,2036540197,1033040194,United Kingdom,2023,Personal,Car SUV,Citroen,C3 1.2 PureTech 110 Flair 5dr EAT6,Petrol,VF7SXHNZTJT529825,1100,1199,0.051440329,2023,,,
UniCredit Bank Austria AG,Goran,9065321743,6006721746,United Kingdom,2023,Family,Car SUV,Citroen,C3 Aircross 1.2 PureTech 110 Flair 5dr [6 speed],Petrol,VF72RHNPML4023091,1125,1199,0.051440329,2023,,,
Danske Bank,Gosta,3521465449,4522865449,United Kingdom,2023,Personal,Car SUV,Citroen,C3 1.2 PureTech 82 Flair Nav Edition 5dr,Petrol,VF7SXHMRPJT704653,1230,1199,0.052631579,2023,,,
Eurobank,Naelle Group of Companies Ltd.,4563214819,9566414819,United Kingdom,2023,Business,Car SUV,Citroen,C3 1.2 PureTech 82 Feel 5dr,Petrol,VF7SXHMRVKT640535,1090,1199,0.052631579,2023,,50,750
Eurobank,Publicite Group of Companies Ltd.,5621473468,2622873468,United Kingdom,2023,Business,Car Hatchback,Fiat,500 1.2 Lounge 3dr [Start Stop],Petrol,ZFA3120000J343888,980,1248,0.048496605,2023,,55,880
Intesa Sanpaolo Bank,Judicael Group of Companies Ltd.,3124569374,1129069374,United Kingdom,2023,Business,Car Hatchback,Fiat,500X Sp.Edn 1.3 S Design 5dr DCT,Petrol,ZFA3340000P754080,1050,1332,0.048496605,2023,,60,900
Barclays,Dafnee Group of Companies Ltd.,9654213145,7658413145,United Kingdom,2023,Business,Car SUV,Renault,Captur 0.9 TCE 90 Iconic 5dr,Petrol,VF1R8700561257973,1150,898,0.05,2023,,40,600
BNP Paribas,Athena Group of Companies Ltd.,6542134593,3544234593,United Kingdom,2023,Business,Car SUV,Renault,Captur 1.5 dCi 90 Dynamique S Nav 5dr,Diesel,VF12R011560064162,1243,1461,0.058823529,2023,,45,675
Erste Group Bank,Becassine Group of Companies Ltd.,2036548597,9032048597,United Kingdom,2023,Business,Car SUV,Renault,Captur 1.0 TCE 100 Iconic 5dr,Petrol,VF1RJB00265888714,1230,999,0.052631579,2023,,50,700
Danske Bank,Marie81therese Group of Companies Ltd.,9065325343,6060625343,United Kingdom,2023,Business,Car SUV,Renault,Captur 1.5 dCi 90 Dynamique S Nav 5dr,Diesel,VF12RAJ1A56719738,1180,1461,0.0625,2023,,65,950
AXA Banque,Ruo Group of Companies Ltd.,6549837893,4549437893,United Kingdom,2023,Business,Car SUV,Hyundai,Tucson 1.6 CRDi 48V MHD SE Nav 5dr 2WD,Diesel,TMAJ3817LLJ960620,1463,1598,0.066666667,2023,,57,855
Eurobank,Berangere Group of Companies Ltd.,2034240197,1038440197,United Kingdom,2023,Business,Car SUV,Hyundai,Tucson 1.6 TGDi 177 SE Nav 5dr 2WD DCT,Petrol,TMAJ3812VLJ976913,1503,1598,0.067114094,2023,,,
Commerzbank,Gisele Group of Companies Ltd.,9065091743,6000091743,United Kingdom,2023,Business,Car Sedan,Mercedes-Benz,Cla Coupe 180 AMG Line 4dr Tip Auto,Petrol,WDD1173422N462778,1425,1991,0.066666667,2023,,,
DNB Bank,Laurene Group of Companies Ltd.,6570134593,4572034593,United Kingdom,2023,Business,Car Sedan,Mercedes-Benz,Cla Coupe 200d AMG Line 4dr,Diesel,WDD1173082N686756,1380,2143,0.0625,2023,,,
HDFC Bank,Yazhan Group of Companies Ltd.,9804534593,7572034593,United Kingdom,2023,Business,Car Hatchback,Peugeot,208 1.2 PureTech 82 Tech Edition 5dr [Start Stop],Petrol,VF3CCHMRPKW098272,975,1199,0.058823529,2023,,,
DNB Bank,MelineA,3521465470,6524565475,United Kingdom,2023,Personal,Car Hatchback,Peugeot,208 1.2 PureTech Active Premium 5dr,Petrol,VR3UPHMHDLT090929,990,1199,0.058823529,2023,,,
Banco BIG,AnaeA,4563214870,9566414874,United Kingdom,2023,Family,Car SUV,Peugeot,2008 1.2 PureTech 130 GT Line 5dr,Petrol,VF3CUHNSSKY117878,1200,1199,0.05988024,2023,,,
Banco Santander,PenelopeA,5621473299,4622873290,United Kingdom,2023,Personal,Car SUV,Peugeot,2008 1.2 PureTech 110 GT Line 5dr EAT6,Petrol,VF3CUHNPNKY114298,1231,1199,0.05988024,2023,,,
Banco BAI Europa,KuA,3124569735,1129069733,United Kingdom,2023,Family,Car Sedan,Mazda,CX-30 2.0 e-Skyactiv G MHEV Sport Lux 5dr,Petrol,JMZDM6WE601300552,1407,1998,0.074626866,2023,,,
Deutsche Bank,MichealA,9654213766,8658413761,United Kingdom,2023,Personal,Car Sedan,Mazda,CX-30 2.0 e-Skyactiv G MHEV GT Sport Tech Edition,Petrol,JMZDM6WE600310953,1410,1998,0.072463768,2023,,,
Royal Bank of Scotland,MeliaA,6542137894,5044237897,United Kingdom,2023,Family,Car Sedan,Mazda,MAZDA2 1.5 Skyactiv G GT Sport Nav 5dr,Petrol,JMZDJ6HD601304570,1536,1496,0.063291139,2023,,,
BNP Paribas,NehemieA,2036540198,1033040195,United Kingdom,2023,Personal,Car Sedan,Mazda,MAZDA2 1.5 GT Sport Nav+ 5dr,Petrol,JMZDJ6H5501213114,1055,1496,0.0625,2023,,,
UniCredit Bank Austria AG,GoranA,9065321744,6006721747,United Kingdom,2023,Family,Car Sedan,Mercedes-Benz,A180d AMG Line Premium 5dr Auto,Diesel,WDD1770032N047168,1490,1461,0.06993007,2023,,,
Danske Bank,GostaA,3521465440,4522865440,United Kingdom,2023,Personal,Car Sedan,Mercedes-Benz,A180d SE Executive 5dr Auto,Diesel,WDD1770032V024888,1425,1461,0.063291139,2023,,,
Eurobank,Naelle-A Group of Companies Ltd.,4563214519,4563214519,United Kingdom,2023,Business,Car Hatchback,Volkswagen,Golf 2.0 TDI 184 GTD 5dr,Diesel,WVWZZZAUZHW363768,1377,1968,0.071428571,2023,,,
ING Bank,Publicite-A Group of Companies Ltd.,5621473168,5621473168,United Kingdom,2023,Business,Car Hatchback,Volkswagen,Golf 1.6 TDI Match 5dr DSG,Diesel,WVWZZZAUZKP056043,1250,1598,0.063291139,2023,,,
Intesa Sanpaolo Bank,Judicael-A Group of Companies Ltd.,3124569074,3124569074,United Kingdom,2023,Business,Car Hatchback,KIA,Picanto 1.25 X-Line 5dr Auto,Petrol,KNAB3512MKT438830,1400,1248,0.052631579,2023,,,
Barclays,Dafnee-A Group of Companies Ltd.,9654213845,9654213845,United Kingdom,2023,Business,Car Hatchback,KIA,Picanto 1.0T GDi GT-line 5dr,Petrol,KNAB3516LLT617385,1050,998,0.05,2023,,,
BNP Paribas,Athena-A Group of Companies Ltd.,6542134293,6542134293,United Kingdom,2023,Business,Car Sedan,Mercedes-Benz,Gla 200d SE 5dr Auto,Diesel,WDC1569082J362156,1585,2143,0.068027211,2023,,,
Erste Group Bank,Becassine-A Group of Companies Ltd.,2036548297,2036548297,United Kingdom,2023,Business,Car Sedan,Mercedes-Benz,Gla 220d 4Matic AMG Line Premium 5dr Auto,Diesel,WDC1569052J435070,1650,2143,0.068493151,2023,,,
Danske Bank,Marie therese Group of Companies Ltd.,9065325043,9065325043,United Kingdom,2023,Business,Car SUV,Vauxhall,Combo Life 1.5 Turbo D 130 Energy 5dr Auto,Diesel,W0VECYHZRKJ676071,1430,1499,0.057803468,2023,,,
AXA Banque,Ruo-A Group of Companies Ltd.,6549837593,6549837593,United Kingdom,2023,Business,Car SUV,Vauxhall,Combo Life 1.2 Turbo Energy 5dr [7 seat],Petrol,W0VERHNPJKJ629196,1532,1199,0.050505051,2023,,,
Eurobank,Berangere-A Group of Companies Ltd.,2034240897,2034240897,United Kingdom,2023,Business,Car Hatchback,Volkswagen,UP 1.0 Move 5dr,Petrol,WVWZZZAAZKD200150,997,998,0.050761421,2023,,,
Commerzbank,Gisele-A Group of Companies Ltd.,9065091443,9065091443,United Kingdom,2023,Business,Car Hatchback,Volkswagen,UP 1.0 90PS High 5dr,Petrol,WVWZZZAAZJD148233,1000,998,0.050251256,2023,,,
DNB Bank,Laurene-A Group of Companies Ltd.,6570134293,6570134293,United Kingdom,2023,Business,Car Hatchback,Vauxhall,Viva 1.0 SE 5dr,Petrol,W0LDD6E77HC804271,950,999,0.052631579,2023,,,
HDFC Bank,Yazhan-A Group of Companies Ltd.,9804534193,9804534193,United Kingdom,2023,Business,Car Hatchback,Vauxhall,Viva 1.0 SE 5dr,Petrol,W0LDD6E77HC804271,950,999,0.052631579,2023,,,
DNB Bank,MelineE,3543465470,3543465470,United Kingdom,2023,Personal,Car SUV,Vauxhall,Combo Life 1.5 Turbo D Energy XL 5dr,Diesel,W0VECYHYCKJ626707,1540,1499,0.055555556,2023,,,
Banco BIG,AnaeS,4520214870,4520214870,United Kingdom,2023,Personal,Car SUV,Vauxhall,Combo Cargo L1 2000 1.5 Turbo D 100ps H1 Edition V,Diesel,W0VEFYHYCMJ804829,1985,1499,0.055555556,2023,,,
Banco Santander,PenelopeE,5656473299,5656473299,United Kingdom,2023,Personal,Car Hatchback,Fiat,500 1.2 Lounge 3dr,Petrol,ZFA3120000JA65014,940,1248,0.054054054,2023,,,
Banco BAI Europa,KuO,3167569735,3167569735,United Kingdom,2023,Family,Car Hatchback,Fiat,500 1.2 Lounge 3dr Dualogic,Petrol,ZFA3120000J898341,960,1248,0.053475936,2023,,,
Deutsche Bank,MichealU,9691213766,9691213766,United Kingdom,2023,Family,Car Sedan,Mazda,CX-30 2.0 e-Skyactiv G MHEV GT Sport Tech 5dr,Petrol,JMZDM6WE600202716,1407,1998,0.058479532,2023,,,
Royal Bank of Scotland,MeliaX,6585137894,6585137894,United Kingdom,2023,Family,Car Sedan,Suzuki,Swift 1.2 Dualjet 83 12V Hybrid SZ-L 5dr,Petrol,JSAAZCA3S00407102,925,1197,0.050505051,2023,,,
BNP Paribas,NehemieO,2072540198,2072540198,United Kingdom,2023,Family,Car Hatchback,Suzuki,Baleno 1.0 Boosterjet SZ-T 5dr,Petrol,MA3EWB42S00284682,905,998,0.051020408,2023,,,
DNB Bank,JuliN,1502376282,8740426894,United Kingdom,2023,Personal,Motor Bike,BMW,F 900 R,Petrol,WB10K1104P6G47314,211,895,0.047619048,2023,,,
Banco BIG,Decapro,5311713066,9716443513,United Kingdom,2023,Personal,Motor Bike,BMW,S1000 R Sport S1000 R Sport 21MY,Petrol,WB10E5105N6G01079,199,999,0.06666667,2023,,,
Banco Santander,Walter,9121049850,3692460132,United Kingdom,2023,Personal,Motor Bike,BMW,F 850 GS TE,Petrol,WB10B0906N6G07795,229,853,0.05,2023,,,
Banco BAI Europa,CameroonJ,2930386634,8668476751,United Kingdom,2023,Personal,Motor Bike,BMW,S 1000 RR Sport,Petrol,WB10E6103P6G81734,193,999,0.076923077,2023,,,
Deutsche Bank,JamesC,6739723418,2644493370,United Kingdom,2023,Personal,Motor Bike,BMW,F750 Gs Sport F750 GS Sport,Petrol,WB10B0803KZ828196,224,853,0.047619048,2023,,,
Royal Bank of Scotland,RishiS,2549060202,3620509989,United Kingdom,2023,Personal,Motor Bike,BMW,R 18 First Edition,Petrol,WB10L1106M6E09344,345,1802,0.0625,2023,,,
BNP Paribas,XuPeng,4358396986,4596526608,United Kingdom,2023,Personal,Motor Bike,BMW,S1000 Rr Sport S1000 RR Sport,Petrol,WB10E2105N6G01047,193,999,0.076923077,2023,,,
UniCredit Bank Austria AG,KimJon,8167733770,5572543227,United Kingdom,2023,Personal,Motor Bike,BMW,S 1000 XR TE,Petrol,WB10E4104P6G32160,226,999,0.0625,2023,,,
Danske Bank,Olakam,1977070554,6548559846,United Kingdom,2023,Personal,Motor Bike,BMW,F 850 GS TE,Petrol,WB10B090XP6G32959,229,853,0.05,2023,,,
Eurobank,RajuI,5786407338,7524576465,United Kingdom,2023,Personal,Motor Bike,BMW,R 1250 GS TE,Petrol,WB10M010XP6G74599,249,1254,0.0555556,2023,,,
ING Bank,AbrahamH,9595744122,8500593084,United Kingdom,2023,Personal,Motor Bike,BMW,R1250 R R1250 R,Petrol,WB10M7103P6H10304,239,1254,0.0625,2023,,,
Intesa Sanpaolo Bank,SherilJ,3405080906,9476609703,United Kingdom,2023,Personal,Motor Bike,BMW,C400 X C400 X 21MY,Petrol,WB40C3109NS902603,204,350,0.045454546,2023,,,
Barclays,KarthikN,7214417690,2452626322,United Kingdom,2023,Personal,Motor Bike,BMW,S 1000 XR TE,Petrol,WB10E4104P6G33648,226,999,0.052631579,2023,,,
BNP Paribas,SahilK,1023754474,1428642941,United Kingdom,2023,Personal,Motor Bike,BMW,R1250 Rt Le R1250 RT LE,Petrol,WB10J6107LZY37761,279,1254,0.0666667,2023,,,
Erste Group Bank,VimalK,4833091258,2404659560,United Kingdom,2023,Personal,Motor Bike,BMW,S1000 R Sport S1000 R Sport 21MY,Petrol,WB10E5101P6G32915,199,999,0.05555556,2023,,,
Danske Bank,OmKar,8642428042,1219323821,United Kingdom,2023,Personal,Motor Bike,BMW,R1250 Gs Adventure Te R1250 GS A,Petrol,WB10M1100P6G77257,268,1254,0.05,2023,,,
AXA Banque,ParvinderB,2451764826,3243307202,United Kingdom,2023,Personal,Motor Bike,BMW,F900 Xr Te F900 XR TE 20MY,Petrol,WB10K210XL6D05575,219,895,0.05,2023,,,
Eurobank,Soheyl,6261101610,5267290583,United Kingdom,2023,Personal,Motor Bike,BMW,F 850 GS Sport,Petrol,WB10B0907KZ841998,229,853,0.055556,2023,,,
Commerzbank,SivaK,7070438394,7291273964,United Kingdom,2023,Personal,Motor Bike,BMW,R1250 Gs Adventure Exclus R1250,Petrol,WB10J5109KZF34721,268,1254,0.055556,2023,,,
DNB Bank,FedrickL,3879775178,9315257345,United Kingdom,2023,Personal,Motor Bike,BMW,R 1250 Gsa Te R1250 GS A,Petrol,WB10M1101M6E38716,268,1254,0.055556,2023,,,
DNB Bank,CaramsF,7689111962,1339240726,United Kingdom,2023,Personal,Motor Bike,BMW,R 1250 Gsa Te R1250 GS A,Petrol,538SD9Z26GCB06283,268,1254,0.055556,2023,,,
Banco BIG,ElizabathQ,1498448746,3363224107,United Kingdom,2023,Business,Van,Citroen,Dispatch XS 1000 1.5 BlueHDi 100 Van Enterprise Pr,Diesel,VF7VBYHRMNZ060069,2100,1499,0.047619047,2023,,,750
Banco Santander,GrahamB,5307785530,5387207488,United Kingdom,2023,Business,Van,Citroen,Relay 35 L3 2.2 BlueHDi H2 Van 140ps Enterprise,Diesel,VF7YCBPFC12U87559,2100,2198,0.07142857,2023,,,880
Banco BAI Europa,JohnG,9117122314,7411190869,United Kingdom,2023,Business,Van,Renault,Trafic SWB SL28 Blue dCi 130 Business Van,Diesel,VF1FL000269468770,1800,1997,0.0625,2023,,,900
Deutsche Bank,BediK,2926459098,9435174250,United Kingdom,2023,Business,Van,Ford,Transit 350 L4 RWD 2.0 EcoBlue 130ps H3 Leader Van,Diesel,WF0EXXTTRELL43580,2700,1996,0.07142857,2023,,,600
Royal Bank of Scotland,Kiran,7735795882,1459157631,United Kingdom,2023,Business,Van,Audi,RS Avant 4.0T FSI Quattro 6 5dr Tip Auto,Petrol,WUAZZZ4G1GN904027,2000,3996,0.090909,2023,,,675
BNP Paribas,MichelT,5545132666,3483141012,United Kingdom,2023,Business,Van,Nissan,NV300 2.7T L1 1.6 dCi 120ps H1 Acenta Van,Diesel,VNVF4000564652199,1800,1598,0.0588235,2023,,,700
UniCredit Bank Austria AG,RajivB,1354469450,5507124393,United Kingdom,2023,Business,Van,Fiat,Scudo L1 10Q 1.6 Multijet 90 H1 Business Van,Diesel,ZFA27000064347348,1500,1560,0.0588235,2023,,,950
Danske Bank,Naelli Group of Companies Ltd.,3913806234,7531107774,United Kingdom,2023,Business,Van,Ford,Fiesta 1.0 Ecoboost 125 Sport Van,Petrol,WF0GXXGAHGKP30683,1260,999,0.0526315,2023,,,855
Eurobank,Publicit-B Group of Companies Ltd.,3639809685,9555091155,United Kingdom,2023,Business,Van,Vauxhall,Vivaro L2 2900 1.5d 100PS Dynamic H1 Van,Diesel,VXEVBYHRKM7837518,1710,1499,0.0625,2023,,,750
ING Bank,Judicael-E Group of Companies Ltd.,3365813135,1579074536,United Kingdom,2023,Business,Van,Ford,Transit 350 L2 RWD 2.0 EcoBlue 130ps H3 Leader Van,Diesel,WF0EXXTTRELL56073,2150,1996,0.07142857,2023,,,880
Intesa Sanpaolo Bank,Dafnee-E Group of Companies Ltd.,3091816586,3603057917,United Kingdom,2023,Business,Van,Toyota,Proace Long 2.0D 120 Active Van,Diesel,YARVFAHKKGZ204108,2040,1997,0.0588235,2023,,,900
Barclays,Athena-E Group of Companies Ltd.,2817820037,5627041298,United Kingdom,2023,Business,Van,Ford,Transit 350 L3 FWD 2.0 EcoBlue 130ps H3 Leader Van,Diesel,WF0EXXTTREKS05378,2650,1996,0.07142857,2023,,,600
BNP Paribas,BecassinE-E Group of Companies Ltd.,2543823487,7651024679,United Kingdom,2023,Business,Van,Maxus,Deliver 9 LWB RWD 2.0 D20 163 Lux High Roof Van,Diesel,LSH14J7C2MA114841,3006,1996,0.07142857,2023,,,675
Erste Group Bank,Marie-E therese Group of Companies Ltd.,2269826938,9675008060,United Kingdom,2023,Business,Van,Ford,Transit 350 L3 RWD 2.0 EcoBlue 130ps H3 Trend Van,Diesel,WF0EXXTTREKS05408,2987,1996,0.07142857,2023,,,700
Danske Bank,Ruo-E Group of Companies Ltd.,1995830389,1698991441,United Kingdom,2023,Business,Van,Renault,Trafic SWB SL27 dCi 120 Business+ Van,Diesel,VF1FL000958245372,2400,1598,0.0588235,2023,,,950
AXA Banque,Berangere-E Group of Companies Ltd.,1721833839,3722974822,United Kingdom,2023,Business,Van,Fiat,Doblo Cargo L1 1.3 Multijet 16V 80 Van,Diesel,ZFA26300006P64818,1400,1248,0.047619047,2023,,,855
Eurobank,Gisele-E Group of Companies Ltd.,1447837290,5746958203,United Kingdom,2023,Business,Heavy Vehicle,New holland,610M20FTVF6,Petrol,838226020,2400,1996,0.0625,2023,,,
