,account_holder_type,account_type,total_sanctioned_loan_amount_for_vehicle,loan_disbursed_year,outstanding_amount,tenure_in_years,monthly_payment_amount,past_due_payments_in_months,purpose_of_vehicle,units_consumed_per_month,estimated_fuel_consumption_per_month,estimated_distance_travel_per_month,country,vehicle_type,make,model,fuel_type,version,engine_capacity,efficiency_of_vehicle,car_year,vehicle_mass,loan_account_number,reporting_financial_company_name,account_holder_name,account_number,emission_factor,attribution_factor,Emission_CO2e,data_quality,avg_distance_travelled_per_person_per_month,avg_loc_distance_travelled_per_person_per_month,continent,unit,source
0,Individual,Savings,12277.44,2023,12277.44,5,204.624,0,Personal,0.0,0.0,0.0,United Kingdom,Car SUV,KIA,Stonic 1.0T GDi 48V Connect 5dr DCT,Petrol,KNAD6817VN6698766,1350,0.052994171,2023,1710,6524565474,DNB Bank,Meline,3521465479,2.4,1.0,25.564388090399998,Score 2,,201,,,
1,Individual,Savings,9730.44,2023,9730.44,5,162.174,0,Family,0.0,0.0,0.0,United Kingdom,Car SUV,KIA,Stonic 1.0T GDi 48V Connect 5dr,Petrol,KNAD6817LN6656139,1350,0.05399568,2023,1525,9566414873,Banco BIG,Anae,4563214879,2.4,1.0,26.047516031999997,Score 2,,201,,,
2,Individual,Savings,13860.0,2023,13860.0,5,231.0,0,Personal,0.0,0.0,0.0,United Kingdom,Car SUV,KIA,Stonic 1.0T GDi 4 5dr,Petrol,KNAD6811LL6441821,1350,0.055555556,2023,1384,4622873299,Banco Santander,Penelope,5621473298,2.4,1.0,26.800000214399997,Score 2,,201,,,
3,Individual,Savings,17100.0,2023,17100.0,5,285.0,0,Family,0.0,0.0,0.0,United Kingdom,Car SUV,KIA,Stonic 1.0T GDi 48V GT-Line S 5dr,Petrol,KNADD817LM6510201,1350,0.055555556,2023,1525,1129069732,Banco BAI Europa,Ku,3124569734,2.4,1.0,26.800000214399997,Score 2,,201,,,
4,Joint,Savings,16875.0,2023,16875.0,5,281.25,0,Personal,0.0,0.0,0.0,United Kingdom,Car SUV,KIA,Sportage 1.6 CRDi 48V ISG GT-Line 5dr DCT Auto,Diesel,U5YPK812VLL806765,1600,0.050994391,2023,1627,8658413760,Deutsche Bank,Micheal,9654213765,2.95,1.0,30.237124143450004,Score 2,,201,,,
5,Individual,Savings,24255.0,2023,24255.0,5,404.25,0,Family,0.0,0.0,0.0,United Kingdom,Car SUV,KIA,Sportage 1.6T GDi GT-Line S 5dr DCT Auto [AWD],Petrol,U5YPK816WML112616,1600,0.052631579,2023,1637,5044237896,Royal Bank of Scotland,Melia,6542137893,2.75,1.0,29.09210529225,Score 2,,201,,,
6,Individual,Savings,10755.0,2023,10755.0,5,179.25,0,Personal,0.0,0.0,0.0,United Kingdom,Car SUV,Citroen,C3 1.2 PureTech 110 Flair 5dr EAT6,Petrol,VF7SXHNZTJT529825,1350,0.051440329,2023,1100,1033040194,BNP Paribas,Nehemie,2036540197,2.4,1.0,24.8148147096,Score 2,,201,,,
7,Individual,Savings,8943.88,2023,8943.88,5,149.0646667,0,Family,0.0,0.0,0.0,United Kingdom,Car SUV,Citroen,C3 Aircross 1.2 PureTech 110 Flair 5dr [6 speed],Petrol,VF72RHNPML4023091,1350,0.051440329,2023,1125,6006721746,UniCredit Bank Austria AG,Goran,9065321743,2.4,1.0,24.8148147096,Score 2,,201,,,
8,Individual,Savings,8730.0,2023,8730.0,5,145.5,0,Personal,0.0,0.0,0.0,United Kingdom,Car SUV,Citroen,C3 1.2 PureTech 82 Flair Nav Edition 5dr,Petrol,VF7SXHMRPJT704653,1350,0.052631579,2023,1230,4522865449,Danske Bank,Gosta,3521465449,2.4,1.0,25.389473709599997,Score 2,,201,,,
9,Business,Current,9090.0,2023,9090.0,5,151.5,0,Business,0.0,50.0,750.0,United Kingdom,Car SUV,Citroen,C3 1.2 PureTech 82 Feel 5dr,Petrol,VF7SXHMRVKT640535,1350,0.052631579,2023,1090,9566414819,Eurobank,Naelle Group of Companies Ltd.,4563214819,2.4,1.0,120.0,Score 1,,201,,,
10,Business,Current,3982.5,2023,3982.5,5,66.375,0,Business,0.0,55.0,880.0,United Kingdom,Car Hatchback,Fiat,500 1.2 Lounge 3dr [Start Stop],Petrol,ZFA3120000J343888,1350,0.048496605,2023,980,2622873468,Eurobank,Publicite Group of Companies Ltd.,5621473468,2.4,1.0,132.0,Score 1,,201,,,
11,Business,Current,12555.0,2023,12555.0,5,209.25,0,Business,0.0,60.0,900.0,United Kingdom,Car Hatchback,Fiat,500X Sp.Edn 1.3 S Design 5dr DCT,Petrol,ZFA3340000P754080,1350,0.048496605,2023,1050,1129069374,Intesa Sanpaolo Bank,Judicael Group of Companies Ltd.,3124569374,2.4,1.0,144.0,Score 1,,201,,,
12,Business,Current,9495.0,2023,9495.0,5,158.25,0,Business,0.0,40.0,600.0,United Kingdom,Car SUV,Renault,Captur 0.9 TCE 90 Iconic 5dr,Petrol,VF1R8700561257973,1350,0.05,2023,1150,7658413145,Barclays,Dafnee Group of Companies Ltd.,9654213145,2.4,1.0,96.0,Score 1,,201,,,
13,Business,Current,9180.0,2023,9180.0,5,153.0,0,Business,0.0,45.0,675.0,United Kingdom,Car SUV,Renault,Captur 1.5 dCi 90 Dynamique S Nav 5dr,Diesel,VF12R011560064162,1600,0.058823529,2023,1243,3544234593,BNP Paribas,Athena Group of Companies Ltd.,6542134593,2.95,1.0,132.75,Score 1,,201,,,
14,Business,Current,11385.0,2023,11385.0,5,189.75,0,Business,0.0,50.0,700.0,United Kingdom,Car SUV,Renault,Captur 1.0 TCE 100 Iconic 5dr,Petrol,VF1RJB00265888714,1350,0.052631579,2023,1230,9032048597,Erste Group Bank,Becassine Group of Companies Ltd.,2036548597,2.4,1.0,120.0,Score 1,,201,,,
15,Business,Current,7920.0,2023,7920.0,5,132.0,0,Business,0.0,65.0,950.0,United Kingdom,Car SUV,Renault,Captur 1.5 dCi 90 Dynamique S Nav 5dr,Diesel,VF12RAJ1A56719738,1600,0.0625,2023,1180,6060625343,Danske Bank,Marie81therese Group of Companies Ltd.,9065325343,2.95,1.0,191.75,Score 1,,201,,,
16,Business,Current,13815.0,2023,13815.0,5,230.25,0,Business,0.0,57.0,855.0,United Kingdom,Car SUV,Hyundai,Tucson 1.6 CRDi 48V MHD SE Nav 5dr 2WD,Diesel,TMAJ3817LLJ960620,1600,0.066666667,2023,1463,4549437893,AXA Banque,Ruo Group of Companies Ltd.,6549837893,2.95,1.0,168.15,Score 1,,201,,,
17,Business,Current,15615.0,2023,15615.0,5,260.25,0,Business,0.0,0.0,0.0,United Kingdom,Car SUV,Hyundai,Tucson 1.6 TGDi 177 SE Nav 5dr 2WD DCT,Petrol,TMAJ3812VLJ976913,1600,0.067114094,2023,1503,1038440197,Eurobank,Berangere Group of Companies Ltd.,2034240197,2.75,1.0,37.0973154585,Score 2,,201,,,
18,Business,Current,14445.0,2023,14445.0,5,240.75,0,Business,0.0,0.0,0.0,United Kingdom,Car Sedan,Mercedes-Benz,Cla Coupe 180 AMG Line 4dr Tip Auto,Petrol,WDD1173422N462778,2000,0.066666667,2023,1425,6000091743,Commerzbank,Gisele Group of Companies Ltd.,9065091743,3.2,1.0,42.8800002144,Score 2,,201,,,
19,Business,Current,15300.0,2023,15300.0,5,255.0,0,Business,0.0,0.0,0.0,United Kingdom,Car Sedan,Mercedes-Benz,Cla Coupe 200d AMG Line 4dr,Diesel,WDD1173082N686756,3000,0.0625,2023,1380,4572034593,DNB Bank,Laurene Group of Companies Ltd.,6570134593,4.3,1.0,54.01875,Score 2,,201,,,
20,Business,Current,7272.56,2023,7272.56,5,121.2093333,0,Business,0.0,0.0,0.0,United Kingdom,Car Hatchback,Peugeot,208 1.2 PureTech 82 Tech Edition 5dr [Start Stop],Petrol,VF3CCHMRPKW098272,1350,0.058823529,2023,975,7572034593,HDFC Bank,Yazhan Group of Companies Ltd.,9804534593,2.4,1.0,28.376470389599998,Score 2,,201,,,
21,Individual,Savings,10660.0,2023,10660.0,5,177.6666667,0,Personal,0.0,0.0,0.0,United Kingdom,Car Hatchback,Peugeot,208 1.2 PureTech Active Premium 5dr,Petrol,VR3UPHMHDLT090929,1350,0.058823529,2023,990,6524565475,DNB Bank,MelineA,3521465470,2.4,1.0,28.376470389599998,Score 2,,201,,,
22,Individual,Savings,11430.0,2023,11430.0,5,190.5,0,Family,0.0,0.0,0.0,United Kingdom,Car SUV,Peugeot,2008 1.2 PureTech 130 GT Line 5dr,Petrol,VF3CUHNSSKY117878,1350,0.05988024,2023,1200,9566414874,Banco BIG,AnaeA,4563214870,2.4,1.0,28.886227776,Score 2,,201,,,
23,Individual,Savings,12015.0,2023,12015.0,5,200.25,0,Personal,0.0,0.0,0.0,United Kingdom,Car SUV,Peugeot,2008 1.2 PureTech 110 GT Line 5dr EAT6,Petrol,VF3CUHNPNKY114298,1350,0.05988024,2023,1231,4622873290,Banco Santander,PenelopeA,5621473299,2.4,1.0,28.886227776,Score 2,,201,,,
24,Individual,Savings,17425.0,2023,17425.0,5,290.4166667,0,Family,0.0,0.0,0.0,United Kingdom,Car Sedan,Mazda,CX-30 2.0 e-Skyactiv G MHEV Sport Lux 5dr,Petrol,JMZDM6WE601300552,2000,0.074626866,2023,1407,1129069733,Banco BAI Europa,KuA,3124569735,3.2,1.0,48.0000002112,Score 2,,201,,,
25,Joint,Savings,19167.5,2023,19167.5,5,319.4583333,0,Personal,0.0,0.0,0.0,United Kingdom,Car Sedan,Mazda,CX-30 2.0 e-Skyactiv G MHEV GT Sport Tech Edition,Petrol,JMZDM6WE600310953,2000,0.072463768,2023,1410,8658413761,Deutsche Bank,MichealA,9654213766,3.2,1.0,46.6086955776,Score 2,,201,,,
26,Individual,Savings,11989.71,2023,11989.71,5,199.8285,0,Family,0.0,0.0,0.0,United Kingdom,Car Sedan,Mazda,MAZDA2 1.5 Skyactiv G GT Sport Nav 5dr,Petrol,JMZDJ6HD601304570,1600,0.063291139,2023,1536,5044237897,Royal Bank of Scotland,MeliaA,6542137894,2.75,1.0,34.98417708225,Score 2,,201,,,
27,Individual,Savings,12000.0,2023,12000.0,5,200.0,0,Personal,0.0,0.0,0.0,United Kingdom,Car Sedan,Mazda,MAZDA2 1.5 GT Sport Nav+ 5dr,Petrol,JMZDJ6H5501213114,1600,0.0625,2023,1055,1033040195,BNP Paribas,NehemieA,2036540198,2.75,1.0,34.546875,Score 2,,201,,,
28,Individual,Savings,20385.0,2023,20385.0,5,339.75,0,Family,0.0,0.0,0.0,United Kingdom,Car Sedan,Mercedes-Benz,A180d AMG Line Premium 5dr Auto,Diesel,WDD1770032N047168,1600,0.06993007,2023,1490,6006721747,UniCredit Bank Austria AG,GoranA,9065321744,2.95,1.0,41.4650350065,Score 2,,201,,,
29,Individual,Savings,17685.0,2023,17685.0,5,294.75,0,Personal,0.0,0.0,0.0,United Kingdom,Car Sedan,Mercedes-Benz,A180d SE Executive 5dr Auto,Diesel,WDD1770032V024888,1600,0.063291139,2023,1425,4522865440,Danske Bank,GostaA,3521465440,2.95,1.0,37.528480870050004,Score 2,,201,,,
30,Business,Current,14040.0,2023,14040.0,5,234.0,0,Business,0.0,0.0,0.0,United Kingdom,Car Hatchback,Volkswagen,Golf 2.0 TDI 184 GTD 5dr,Diesel,WVWZZZAUZHW363768,2000,0.071428571,2023,1377,4029382472,Eurobank,Naelle-A Group of Companies Ltd.,4563214519,3.4,1.0,48.814285421399994,Score 2,,201,,,
31,Business,Current,11340.0,2023,11340.0,5,189.0,0,Business,0.0,0.0,0.0,United Kingdom,Car Hatchback,Volkswagen,Golf 1.6 TDI Match 5dr DSG,Diesel,WVWZZZAUZKP056043,1600,0.063291139,2023,1250,8263434727,ING Bank,Publicite-A Group of Companies Ltd.,5621473168,2.95,1.0,37.528480870050004,Score 2,,201,,,
32,Business,Current,11430.0,2023,11430.0,5,190.5,0,Business,0.0,0.0,0.0,United Kingdom,Car Hatchback,KIA,Picanto 1.25 X-Line 5dr Auto,Petrol,KNAB3512MKT438830,1350,0.052631579,2023,1400,4966758234,Intesa Sanpaolo Bank,Judicael-A Group of Companies Ltd.,3124569074,2.4,1.0,25.389473709599997,Score 2,,201,,,
33,Business,Current,8752.5,2023,8752.5,5,145.875,0,Business,0.0,0.0,0.0,United Kingdom,Car Hatchback,KIA,Picanto 1.0T GDi GT-line 5dr,Petrol,KNAB3516LLT617385,1350,0.05,2023,1050,6910126973,Barclays,Dafnee-A Group of Companies Ltd.,9654213845,2.4,1.0,24.12,Score 2,,201,,,
34,Business,Current,13725.0,2023,13725.0,5,228.75,0,Business,0.0,0.0,0.0,United Kingdom,Car Sedan,Mercedes-Benz,Gla 200d SE 5dr Auto,Diesel,WDC1569082J362156,3000,0.068027211,2023,1585,1970703853,BNP Paribas,Athena-A Group of Companies Ltd.,6542134293,4.3,1.0,58.7959184673,Score 2,,201,,,
35,Business,Current,16020.0,2023,16020.0,5,267.0,0,Business,0.0,0.0,0.0,United Kingdom,Car Sedan,Mercedes-Benz,Gla 220d 4Matic AMG Line Premium 5dr Auto,Diesel,WDC1569052J435070,3000,0.068493151,2023,1650,9025702017,Erste Group Bank,Becassine-A Group of Companies Ltd.,2036548297,4.3,1.0,59.1986304093,Score 2,,201,,,
36,Business,Current,14040.0,2023,14040.0,5,234.0,0,Business,0.0,0.0,0.0,United Kingdom,Car SUV,Vauxhall,Combo Life 1.5 Turbo D 130 Energy 5dr Auto,Diesel,W0VECYHZRKJ676071,1600,0.057803468,2023,1430,3529372240,Danske Bank,Marie therese Group of Companies Ltd.,9065325043,2.95,1.0,34.274566350600004,Score 2,,201,,,
37,Business,Current,12105.0,2023,12105.0,5,201.75,0,Business,0.0,0.0,0.0,United Kingdom,Car SUV,Vauxhall,Combo Life 1.2 Turbo Energy 5dr [7 seat],Petrol,W0VERHNPJKJ629196,1350,0.050505051,2023,1532,5513796291,AXA Banque,Ruo-A Group of Companies Ltd.,6549837593,2.4,1.0,24.3636366024,Score 2,,201,,,
38,Business,Current,7245.0,2023,7245.0,5,120.75,0,Business,0.0,0.0,0.0,United Kingdom,Car Hatchback,Volkswagen,UP 1.0 Move 5dr,Petrol,WVWZZZAAZKD200150,1350,0.050761421,2023,997,5917134409,Eurobank,Berangere-A Group of Companies Ltd.,2034240897,2.4,1.0,24.487309490399998,Score 2,,201,,,
39,Business,Current,6975.0,2023,6975.0,5,116.25,0,Business,0.0,0.0,0.0,United Kingdom,Car Hatchback,Volkswagen,UP 1.0 90PS High 5dr,Petrol,WVWZZZAAZJD148233,1350,0.050251256,2023,1000,3125803220,Commerzbank,Gisele-A Group of Companies Ltd.,9065091443,2.4,1.0,24.2412058944,Score 2,,201,,,
40,Business,Current,5805.0,2023,5805.0,5,96.75,0,Business,0.0,0.0,0.0,United Kingdom,Car Hatchback,Vauxhall,Viva 1.0 SE 5dr,Petrol,W0LDD6E77HC804271,1350,0.052631579,2023,950,1765982098,DNB Bank,Laurene-A Group of Companies Ltd.,6570134293,2.4,1.0,25.389473709599997,Score 2,,201,,,
41,Business,Current,5805.0,2023,5805.0,5,96.75,0,Business,0.0,0.0,0.0,United Kingdom,Car Hatchback,Vauxhall,Viva 1.0 SE 5dr,Petrol,W0LDD6E77HC804271,1350,0.052631579,2023,950,3098911211,HDFC Bank,Yazhan-A Group of Companies Ltd.,9804534193,2.4,1.0,25.389473709599997,Score 2,,201,,,
42,Individual,Savings,11610.0,2023,11610.0,5,193.5,0,Personal,0.0,0.0,0.0,United Kingdom,Car SUV,Vauxhall,Combo Life 1.5 Turbo D Energy XL 5dr,Diesel,W0VECYHYCKJ626707,1600,0.055555556,2023,1540,2352876141,DNB Bank,MelineE,3543465470,2.95,1.0,32.9416669302,Score 2,,201,,,
43,Individual,Savings,10540.0,2023,10540.0,5,175.6666667,0,Personal,0.0,0.0,0.0,United Kingdom,Car SUV,Vauxhall,Combo Cargo L1 2000 1.5 Turbo D 100ps H1 Edition V,Diesel,W0VEFYHYCMJ804829,1600,0.055555556,2023,1985,9681108956,Banco BIG,AnaeS,4520214870,2.95,1.0,32.9416669302,Score 2,,201,,,
44,Individual,Savings,6000.0,2023,6000.0,5,100.0,0,Personal,0.0,0.0,0.0,United Kingdom,Car Hatchback,Fiat,500 1.2 Lounge 3dr,Petrol,ZFA3120000JA65014,1350,0.054054054,2023,940,9492267631,Banco Santander,PenelopeE,5656473299,2.4,1.0,26.075675649599997,Score 2,,201,,,
45,Individual,Savings,7437.5,2023,7437.5,5,123.9583333,0,Family,0.0,0.0,0.0,United Kingdom,Car Hatchback,Fiat,500 1.2 Lounge 3dr Dualogic,Petrol,ZFA3120000J898341,1350,0.053475936,2023,960,7876278534,Banco BAI Europa,KuO,3167569735,2.4,1.0,25.7967915264,Score 2,,201,,,
46,Joint,Savings,19890.0,2023,19890.0,5,331.5,0,Family,0.0,0.0,0.0,United Kingdom,Car Sedan,Mazda,CX-30 2.0 e-Skyactiv G MHEV GT Sport Tech 5dr,Petrol,JMZDM6WE600202716,2000,0.058479532,2023,1407,1540580558,Deutsche Bank,MichealU,9691213766,3.2,1.0,37.6140349824,Score 2,,201,,,
47,Individual,Savings,8749.52,2023,8749.52,5,145.8253333,0,Family,0.0,0.0,0.0,United Kingdom,Car Sedan,Suzuki,Swift 1.2 Dualjet 83 12V Hybrid SZ-L 5dr,Petrol,JSAAZCA3S00407102,1350,0.050505051,2023,925,6212232266,Royal Bank of Scotland,MeliaX,6585137894,2.4,1.0,24.3636366024,Score 2,,201,,,
48,Individual,Savings,5580.0,2023,5580.0,5,93.0,0,Family,0.0,0.0,0.0,United Kingdom,Car Hatchback,Suzuki,Baleno 1.0 Boosterjet SZ-T 5dr,Petrol,MA3EWB42S00284682,1350,0.051020408,2023,905,9572450028,BNP Paribas,NehemieO,2072540198,2.4,1.0,24.6122448192,Score 2,,201,,,
49,Individual,Savings,7131.34,2023,7131.34,5,118.8556667,0,Personal,0.0,0.0,0.0,United Kingdom,Motor Bike,BMW,F 900 R,Petrol,WB10K1104P6G47314,1350,0.047619048,2023,211,8740426894,DNB Bank,JuliN,1502376282,2.4,1.0,22.971428755199998,Score 2,,201,,,
50,Individual,Savings,10904.01,2023,10904.01,5,181.7335,0,Personal,0.0,0.0,0.0,United Kingdom,Motor Bike,BMW,S1000 R Sport S1000 R Sport 21MY,Petrol,WB10E5105N6G01079,1350,0.06666667,2023,199,9716443513,Banco BIG,Decapro,5311713066,2.4,1.0,32.160001607999995,Score 2,,201,,,
51,Individual,Savings,9335.99,2023,9335.99,5,155.5998333,0,Personal,0.0,0.0,0.0,United Kingdom,Motor Bike,BMW,F 850 GS TE,Petrol,WB10B0906N6G07795,1350,0.05,2023,229,3692460132,Banco Santander,Walter,9121049850,2.4,1.0,24.12,Score 2,,201,,,
52,Individual,Savings,15387.47,2023,15387.47,5,256.4578333,0,Personal,0.0,0.0,0.0,United Kingdom,Motor Bike,BMW,S 1000 RR Sport,Petrol,WB10E6103P6G81734,1350,0.076923077,2023,193,8668476751,Banco BAI Europa,CameroonJ,2930386634,2.4,1.0,37.1076923448,Score 2,,201,,,
53,Individual,Savings,4400.0,2023,4400.0,5,73.33333333,0,Personal,0.0,0.0,0.0,United Kingdom,Motor Bike,BMW,F750 Gs Sport F750 GS Sport,Petrol,WB10B0803KZ828196,1350,0.047619048,2023,224,2644493370,Deutsche Bank,JamesC,6739723418,2.4,1.0,22.971428755199998,Score 2,,201,,,
54,Individual,Savings,18070.15,2023,18070.15,5,301.1691667,0,Personal,0.0,0.0,0.0,United Kingdom,Motor Bike,BMW,R 18 First Edition,Petrol,WB10L1106M6E09344,2000,0.0625,2023,345,3620509989,Royal Bank of Scotland,RishiS,2549060202,3.2,1.0,40.2,Score 2,,201,,,
55,Individual,Savings,13649.28,2023,13649.28,5,227.488,0,Personal,0.0,0.0,0.0,United Kingdom,Motor Bike,BMW,S1000 Rr Sport S1000 RR Sport,Petrol,WB10E2105N6G01047,1350,0.076923077,2023,193,4596526608,BNP Paribas,XuPeng,4358396986,2.4,1.0,37.1076923448,Score 2,,201,,,
56,Individual,Savings,13472.68,2023,13472.68,5,224.5446667,0,Personal,0.0,0.0,0.0,United Kingdom,Motor Bike,BMW,S 1000 XR TE,Petrol,WB10E4104P6G32160,1350,0.0625,2023,226,5572543227,UniCredit Bank Austria AG,KimJon,8167733770,2.4,1.0,30.15,Score 2,,201,,,
57,Individual,Savings,11367.52,2023,11367.52,5,189.4586667,0,Personal,0.0,0.0,0.0,United Kingdom,Motor Bike,BMW,F 850 GS TE,Petrol,WB10B090XP6G32959,1350,0.05,2023,229,6548559846,Danske Bank,Olakam,1977070554,2.4,1.0,24.12,Score 2,,201,,,
58,Individual,Savings,14432.79,2023,14432.79,5,240.5465,0,Personal,0.0,0.0,0.0,United Kingdom,Motor Bike,BMW,R 1250 GS TE,Petrol,WB10M010XP6G74599,1350,0.0555556,2023,249,7524576465,Eurobank,RajuI,5786407338,2.4,1.0,26.80002144,Score 2,,201,,,
59,Individual,Savings,13439.53,2023,13439.53,5,223.9921667,0,Personal,0.0,0.0,0.0,United Kingdom,Motor Bike,BMW,R1250 R R1250 R,Petrol,WB10M7103P6H10304,1350,0.0625,2023,239,8500593084,ING Bank,AbrahamH,9595744122,2.4,1.0,30.15,Score 2,,201,,,
60,Individual,Savings,6766.92,2023,6766.92,5,112.782,0,Personal,0.0,0.0,0.0,United Kingdom,Motor Bike,BMW,C400 X C400 X 21MY,Petrol,WB40C3109NS902603,1350,0.045454546,2023,204,9476609703,Intesa Sanpaolo Bank,SherilJ,3405080906,2.4,1.0,21.9272729904,Score 2,,201,,,
61,Individual,Savings,16410.52,2023,16410.52,5,273.5086667,0,Personal,0.0,0.0,0.0,United Kingdom,Motor Bike,BMW,S 1000 XR TE,Petrol,WB10E4104P6G33648,1350,0.052631579,2023,226,2452626322,Barclays,KarthikN,7214417690,2.4,1.0,25.389473709599997,Score 2,,201,,,
62,Individual,Savings,10000.0,2023,10000.0,5,166.6666667,0,Personal,0.0,0.0,0.0,United Kingdom,Motor Bike,BMW,R1250 Rt Le R1250 RT LE,Petrol,WB10J6107LZY37761,1350,0.0666667,2023,279,1428642941,BNP Paribas,SahilK,1023754474,2.4,1.0,32.16001608,Score 2,,201,,,
63,Individual,Savings,12118.4,2023,12118.4,5,201.9733333,0,Personal,0.0,0.0,0.0,United Kingdom,Motor Bike,BMW,S1000 R Sport S1000 R Sport 21MY,Petrol,WB10E5101P6G32915,1350,0.05555556,2023,199,2404659560,Erste Group Bank,VimalK,4833091258,2.4,1.0,26.800002143999997,Score 2,,201,,,
64,Individual,Savings,16656.3,2023,16656.3,5,277.605,0,Personal,0.0,0.0,0.0,United Kingdom,Motor Bike,BMW,R1250 Gs Adventure Te R1250 GS A,Petrol,WB10M1100P6G77257,1350,0.05,2023,268,1219323821,Danske Bank,OmKar,8642428042,2.4,1.0,24.12,Score 2,,201,,,
65,Individual,Savings,6400.0,2023,6400.0,5,106.6666667,0,Personal,0.0,0.0,0.0,United Kingdom,Motor Bike,BMW,F900 Xr Te F900 XR TE 20MY,Petrol,WB10K210XL6D05575,1350,0.05,2023,219,3243307202,AXA Banque,ParvinderB,2451764826,2.4,1.0,24.12,Score 2,,201,,,
66,Individual,Savings,5600.0,2023,5600.0,5,93.33333333,0,Personal,0.0,0.0,0.0,United Kingdom,Motor Bike,BMW,F 850 GS Sport,Petrol,WB10B0907KZ841998,1350,0.055556,2023,229,5267290583,Eurobank,Soheyl,6261101610,2.4,1.0,26.800214399999998,Score 2,,201,,,
67,Individual,Savings,9440.0,2023,9440.0,5,157.3333333,0,Personal,0.0,0.0,0.0,United Kingdom,Motor Bike,BMW,R1250 Gs Adventure Exclus R1250,Petrol,WB10J5109KZF34721,1350,0.055556,2023,268,7291273964,Commerzbank,SivaK,7070438394,2.4,1.0,26.800214399999998,Score 2,,201,,,
68,Individual,Savings,11520.0,2023,11520.0,5,192.0,0,Personal,0.0,0.0,0.0,United Kingdom,Motor Bike,BMW,R 1250 Gsa Te R1250 GS A,Petrol,WB10M1101M6E38716,1350,0.055556,2023,268,9315257345,DNB Bank,FedrickL,3879775178,2.4,1.0,26.800214399999998,Score 2,,201,,,
69,Individual,Savings,4760.0,2023,4760.0,5,79.33333333,0,Personal,0.0,0.0,0.0,United Kingdom,Motor Bike,BMW,R 1250 Gsa Te R1250 GS A,Petrol,538SD9Z26GCB06283,1350,0.055556,2023,268,1339240726,DNB Bank,CaramsF,7689111962,2.4,1.0,26.800214399999998,Score 2,,201,,,
70,Individual,Savings,13612.77,2023,13612.77,5,226.8795,0,Business,0.0,0.0,750.0,United Kingdom,Van,Citroen,Dispatch XS 1000 1.5 BlueHDi 100 Van Enterprise Pr,Diesel,VF7VBYHRMNZ060069,1600,0.047619047,2023,2100,3363224107,Banco BIG,ElizabathQ,1498448746,2.95,1.0,28.23571391865,Score 2,,201,,,
71,Individual,Savings,15366.06,2023,15366.06,5,256.101,0,Business,0.0,0.0,880.0,United Kingdom,Van,Citroen,Relay 35 L3 2.2 BlueHDi H2 Van 140ps Enterprise,Diesel,VF7YCBPFC12U87559,3000,0.07142857,2023,2100,5387207488,Banco Santander,GrahamB,5307785530,4.3,1.0,61.73571305099999,Score 2,,201,,,
72,Individual,Savings,17094.52,2023,17094.52,5,284.9086667,0,Business,0.0,0.0,900.0,United Kingdom,Van,Renault,Trafic SWB SL28 Blue dCi 130 Business Van,Diesel,VF1FL000269468770,2000,0.0625,2023,1800,7411190869,Banco BAI Europa,JohnG,9117122314,3.4,1.0,42.7125,Score 2,,201,,,
73,Individual,Savings,23940.0,2023,23940.0,5,399.0,0,Business,0.0,0.0,600.0,United Kingdom,Van,Ford,Transit 350 L4 RWD 2.0 EcoBlue 130ps H3 Leader Van,Diesel,WF0EXXTTRELL43580,2000,0.07142857,2023,2700,9435174250,Deutsche Bank,BediK,2926459098,3.4,1.0,48.814284738,Score 2,,201,,,
74,Individual,Savings,33210.0,2023,33210.0,5,553.5,0,Business,0.0,0.0,675.0,United Kingdom,Van,Audi,RS Avant 4.0T FSI Quattro 6 5dr Tip Auto,Petrol,WUAZZZ4G1GN904027,15000,0.090909,2023,2000,1459157631,Royal Bank of Scotland,Kiran,7735795882,5.0,1.0,91.363545,Score 2,,201,,,
75,Individual,Savings,12600.0,2023,12600.0,5,210.0,0,Business,0.0,0.0,700.0,United Kingdom,Van,Nissan,NV300 2.7T L1 1.6 dCi 120ps H1 Acenta Van,Diesel,VNVF4000564652199,1600,0.0588235,2023,1800,3483141012,BNP Paribas,MichelT,5545132666,2.95,1.0,34.879394325,Score 2,,201,,,
76,Individual,Savings,3240.0,2023,3240.0,5,54.0,0,Business,0.0,0.0,950.0,United Kingdom,Van,Fiat,Scudo L1 10Q 1.6 Multijet 90 H1 Business Van,Diesel,ZFA27000064347348,1600,0.0588235,2023,1500,5507124393,UniCredit Bank Austria AG,RajivB,1354469450,2.95,1.0,34.879394325,Score 2,,201,,,
77,Business,Current,14134.44,2023,14134.44,5,235.574,0,Business,0.0,0.0,855.0,United Kingdom,Van,Ford,Fiesta 1.0 Ecoboost 125 Sport Van,Petrol,WF0GXXGAHGKP30683,1350,0.0526315,2023,1260,7531107774,Danske Bank,Naelli Group of Companies Ltd.,3913806234,2.4,1.0,25.3894356,Score 2,,201,,,
78,Business,Current,17685.0,2023,17685.0,5,294.75,0,Business,0.0,0.0,750.0,United Kingdom,Van,Vauxhall,Vivaro L2 2900 1.5d 100PS Dynamic H1 Van,Diesel,VXEVBYHRKM7837518,1600,0.0625,2023,1710,9555091155,Eurobank,Publicit-B Group of Companies Ltd.,3639809685,2.95,1.0,37.059375,Score 2,,201,,,
79,Business,Current,24390.0,2023,24390.0,5,406.5,0,Business,0.0,0.0,880.0,United Kingdom,Van,Ford,Transit 350 L2 RWD 2.0 EcoBlue 130ps H3 Leader Van,Diesel,WF0EXXTTRELL56073,2000,0.07142857,2023,2150,1579074536,ING Bank,Judicael-E Group of Companies Ltd.,3365813135,3.4,1.0,48.814284738,Score 2,,201,,,
80,Business,Current,14960.0,2023,14960.0,5,249.3333333,0,Business,0.0,0.0,900.0,United Kingdom,Van,Toyota,Proace Long 2.0D 120 Active Van,Diesel,YARVFAHKKGZ204108,2000,0.0588235,2023,2040,3603057917,Intesa Sanpaolo Bank,Dafnee-E Group of Companies Ltd.,3091816586,3.4,1.0,40.1999799,Score 2,,201,,,
81,Business,Current,19465.0,2023,19465.0,5,324.4166667,0,Business,0.0,0.0,600.0,United Kingdom,Van,Ford,Transit 350 L3 FWD 2.0 EcoBlue 130ps H3 Leader Van,Diesel,WF0EXXTTREKS05378,2000,0.07142857,2023,2650,5627041298,Barclays,Athena-E Group of Companies Ltd.,2817820037,3.4,1.0,48.814284738,Score 2,,201,,,
82,Business,Current,14960.0,2023,14960.0,5,249.3333333,0,Business,0.0,0.0,675.0,United Kingdom,Van,Maxus,Deliver 9 LWB RWD 2.0 D20 163 Lux High Roof Van,Diesel,LSH14J7C2MA114841,2000,0.07142857,2023,3006,7651024679,BNP Paribas,BecassinE-E Group of Companies Ltd.,2543823487,3.4,1.0,48.814284738,Score 2,,201,,,
83,Business,Current,17255.0,2023,17255.0,5,287.5833333,0,Business,0.0,0.0,700.0,United Kingdom,Van,Ford,Transit 350 L3 RWD 2.0 EcoBlue 130ps H3 Trend Van,Diesel,WF0EXXTTREKS05408,2000,0.07142857,2023,2987,9675008060,Erste Group Bank,Marie-E therese Group of Companies Ltd.,2269826938,3.4,1.0,48.814284738,Score 2,,201,,,
84,Business,Current,9435.0,2023,9435.0,5,157.25,0,Business,0.0,0.0,950.0,United Kingdom,Van,Renault,Trafic SWB SL27 dCi 120 Business+ Van,Diesel,VF1FL000958245372,1600,0.0588235,2023,2400,1698991441,Danske Bank,Ruo-E Group of Companies Ltd.,1995830389,2.95,1.0,34.879394325,Score 2,,201,,,
85,Business,Current,7288.75,2023,7288.75,5,121.4791667,0,Business,0.0,0.0,855.0,United Kingdom,Van,Fiat,Doblo Cargo L1 1.3 Multijet 16V 80 Van,Diesel,ZFA26300006P64818,1350,0.047619047,2023,1400,3722974822,AXA Banque,Berangere-E Group of Companies Ltd.,1721833839,2.6,1.0,24.8857139622,Score 2,,201,,,
86,Business,Current,22025.48,2023,22025.48,5,367.0913333,0,Business,0.0,0.0,0.0,United Kingdom,Heavy Vehicle,New holland,610M20FTVF6,Petrol,838226020,2000,0.0625,2023,2400,5746958203,Eurobank,Gisele-E Group of Companies Ltd.,1447837290,3.2,1.0,40.2,Score 2,,201,,,
