country,continent,avg_distance_travelled_per_person_per_month,unit,source
Austria,Europe,309,km,Eurostat Statistics
Belgium,Europe,354,km,Eurostat Statistics
Croatia,Europe,228,km,Eurostat Statistics
Denmark,Europe,495,km,Eurostat Statistics
Germany,Europe,570,km,Eurostat Statistics
Greece,Europe,168,km,Eurostat Statistics
Italy,Europe,342,km,Eurostat Statistics
Latvia,Europe,306,km,Eurostat Statistics
Netherlands,Europe,318,km,Eurostat Statistics
Poland,Europe,510,km,Eurostat Statistics
Portugal,Europe,552,km,Eurostat Statistics
Romania,Europe,441,km,Eurostat Statistics
Slovenia,Europe,246,km,Eurostat Statistics
