﻿TravelledCountry,Methodology Reference,TrasportMode,VehicleSubCategory,FuelType,Ef for fuels kgCO2e/L,Number of Passengers,Vehicle Model Year,Journey Type,Applicable From,Applicable To,Emission(kg/km),Emissions Factor CO2,Emissions Factor CH4,Emissions Factor N2O,Biofuel Emissions Factor (kgCO2unit-1),Out of Scope Emissions Factor (kgCO2eunit-1),EEIO ef,Supply Chain Emissions Factor (kgCO2eunit-1),Production SC Emissions Factor (kgCO2eunit-1),Biofuel SC Emissions Factor (kgCO2eunit-1),Emissions Factor Source
ALL,Defra,Bus,Coach,All,1.4187,1,All,All,1/1/2021,12/31/2021,0.02684,0.02629,0.00001,0.00054,,,0.00646,0.00646,,,Defra 2021
ALL,Defra,Bus,Coach,All,1.4187,1,All,All,1/1/2022,Present,0.02733,0.02678,0.00001,0.00054,,,0.00646,0.00646,,,Defra 2022
ALL,Defra,Bus,Local,All,1.4187,1,All,All,1/1/2021,12/31/2021,0.10227,0.10144,0.00001,0.00082,,,0.02494,0.02494,,,Defra 2021
ALL,Defra,Bus,Local,All,1.4187,1,All,All,1/1/2022,Present,0.0965,0.09567,0.00001,0.00082,,,0.02494,0.02494,,,Defra 2022
ALL,Defra,Bus,Local Non-London,All,1.4187,1,All,All,1/1/2021,12/31/2021,0.11774,0.11673,0.00002,0.00099,,,0.02868,0.02868,,,Defra 2021
ALL,Defra,Bus,Local Non-London,All,1.4187,1,All,All,1/1/2022,Present,0.10778,0.10677,0.00002,0.00099,,,0.02868,0.02868,,,Defra 2022
ALL,Defra,Bus,London,All,1.4187,1,All,All,1/1/2021,12/31/2021,0.07718,0.07664,0.00001,0.00053,,,0.01885,0.01885,,,Defra 2021
ALL,Defra,Bus,London,All,1.4187,1,All,All,1/1/2022,Present,0.07936,0.07882,0.00001,0.00053,,,0.01885,0.01885,,,Defra 2022
ALL,Defra,Bus,Unknown,All,1.4187,1,All,All,1/1/2021,12/31/2021,0.11774,0.11673,0.00002,0.00099,,,0.02868,0.02868,,,Defra 2021
ALL,Defra,Bus,Unknown,All,1.4187,1,All,All,1/1/2022,Present,0.10778,0.10677,0.00002,0.00099,,,0.02868,0.02868,,,Defra 2022
ALL,Defra,Bus,Urban,All,1.4187,1,All,All,1/1/2021,12/31/2021,0.11774,0.11673,0.00002,0.00099,,,0.02868,0.02868,,,Defra 2021
ALL,Defra,Bus,Urban,All,1.4187,1,All,All,1/1/2022,Present,0.10778,0.10677,0.00002,0.00099,,,0.02868,0.02868,,,Defra 2022
AFRICA,GHG,Bus,All,All,1.4187,1,All,All,1/1/2019,Present,0.06657965,0.06648688,0.00001044,0.00008233,,,0.032941364,,,,GHG Protocol 2011-2017
AFRICA (OTHER),GHG,Bus,All,All,1.4187,1,All,All,1/1/2019,Present,0.06657965,0.06648688,0.00001044,0.00008233,,,0.03451465,,,,GHG Protocol 2011-2017
ALBANIA,GHG,Bus,All,All,1.4187,1,All,All,1/1/2019,Present,0.06657965,0.06648688,0.00001044,0.00008233,,,0.036087937,,,,GHG Protocol 2011-2017
ALGERIA,GHG,Bus,All,All,1.4187,1,All,All,1/1/2019,Present,0.06657965,0.06648688,0.00001044,0.00008233,,,0.037661224,,,,GHG Protocol 2011-2017
AMERICAS (OECD),GHG,Bus,All,All,1.4187,1,All,All,1/1/2019,Present,0.06657965,0.06648688,0.00001044,0.00008233,,,0.00646,,,,GHG Protocol 2011-2017
ANGOLA,GHG,Bus,All,All,1.4187,1,All,All,1/1/2019,Present,0.06657965,0.06648688,0.00001044,0.00008233,,,0.00646,,,,GHG Protocol 2011-2017
ARGENTINA,GHG,Bus,All,All,1.4187,1,All,All,1/1/2019,Present,0.06657965,0.06648688,0.00001044,0.00008233,,,0.02494,,,,GHG Protocol 2011-2017
ARMENIA,GHG,Bus,All,All,1.4187,1,All,All,1/1/2019,Present,0.06657965,0.06648688,0.00001044,0.00008233,,,0.02494,,,,GHG Protocol 2011-2017
ASIA,GHG,Bus,All,All,1.4187,1,All,All,1/1/2019,Present,0.06657965,0.06648688,0.00001044,0.00008233,,,0.02868,,,,GHG Protocol 2011-2017
ASIA (OTHER),GHG,Bus,All,All,1.4187,1,All,All,1/1/2019,Present,0.06657965,0.06648688,0.00001044,0.00008233,,,0.02868,,,,GHG Protocol 2011-2017
ASIA OCEANIA,GHG,Bus,All,All,1.4187,1,All,All,1/1/2019,Present,0.06657965,0.06648688,0.00001044,0.00008233,,,0.01885,,,,GHG Protocol 2011-2017
ASIA OCEANIA (OECD),GHG,Bus,All,All,1.4187,1,All,All,1/1/2019,Present,0.06657965,0.06648688,0.00001044,0.00008233,,,0.01885,,,,GHG Protocol 2011-2017
AUSTRALIA,GHG,Bus,All,All,1.4187,1,All,All,1/1/2019,Present,0.06657965,0.06648688,0.00001044,0.00008233,,,0.02868,,,,GHG Protocol 2011-2017
AUSTRALIA - AUSTRALIAN CAPITAL TERRITORY,GHG,Bus,All,All,1.4187,1,All,All,1/1/2019,Present,0.06657965,0.06648688,0.00001044,0.00008233,,,0.02868,,,,GHG Protocol 2011-2017
AUSTRALIA - NEW SOUTH WALES,GHG,Bus,All,All,1.4187,1,All,All,1/1/2019,Present,0.06657965,0.06648688,0.00001044,0.00008233,,,0.02868,,,,GHG Protocol 2011-2017
AUSTRALIA - NORTHERN TERRITORY,GHG,Bus,All,All,1.4187,1,All,All,1/1/2019,Present,0.06657965,0.06648688,0.00001044,0.00008233,,,0.02868,,,,GHG Protocol 2011-2017
AUSTRALIA - QUEENSLAND,GHG,Bus,All,All,1.4187,1,All,All,1/1/2019,Present,0.06657965,0.06648688,0.00001044,0.00008233,,,0.032941364,,,,GHG Protocol 2011-2017
AUSTRALIA - SOUTH AUSTRALIA,GHG,Bus,All,All,1.4187,1,All,All,1/1/2019,Present,0.06657965,0.06648688,0.00001044,0.00008233,,,0.03451465,,,,GHG Protocol 2011-2017
AUSTRALIA - TASMANIA,GHG,Bus,All,All,1.4187,1,All,All,1/1/2019,Present,0.06657965,0.06648688,0.00001044,0.00008233,,,0.036087937,,,,GHG Protocol 2011-2017
AUSTRALIA - VICTORIA,GHG,Bus,All,All,1.4187,1,All,All,1/1/2019,Present,0.06657965,0.06648688,0.00001044,0.00008233,,,0.037661224,,,,GHG Protocol 2011-2017
AUSTRALIA - WESTERN AUSTRALIA,GHG,Bus,All,All,1.4187,1,All,All,1/1/2019,Present,0.06657965,0.06648688,0.00001044,0.00008233,,,0.00646,,,,GHG Protocol 2011-2017
AUSTRIA,GHG,Bus,All,All,1.4187,1,All,All,1/1/2019,Present,0.06657965,0.06648688,0.00001044,0.00008233,,,0.00646,,,,GHG Protocol 2011-2017
AZERBAIJAN,GHG,Bus,All,All,1.4187,1,All,All,1/1/2019,Present,0.06657965,0.06648688,0.00001044,0.00008233,,,0.02494,,,,GHG Protocol 2011-2017
BAHRAIN,GHG,Bus,All,All,1.4187,1,All,All,1/1/2019,Present,0.06657965,0.06648688,0.00001044,0.00008233,,,0.02494,,,,GHG Protocol 2011-2017
BANGLADESH,GHG,Bus,All,All,1.4187,1,All,All,1/1/2019,Present,0.06657965,0.06648688,0.00001044,0.00008233,,,0.02868,,,,GHG Protocol 2011-2017
BELARUS,GHG,Bus,All,All,1.4187,1,All,All,1/1/2019,Present,0.06657965,0.06648688,0.00001044,0.00008233,,,0.02868,,,,GHG Protocol 2011-2017
BELGIUM,GHG,Bus,All,All,1.4187,1,All,All,1/1/2019,Present,0.06657965,0.06648688,0.00001044,0.00008233,,,0.01885,,,,GHG Protocol 2011-2017
BENIN,GHG,Bus,All,All,1.4187,1,All,All,1/1/2019,Present,0.06657965,0.06648688,0.00001044,0.00008233,,,0.01885,,,,GHG Protocol 2011-2017
"BOLIVIA, PLURINATIONAL STATE OF",GHG,Bus,All,All,1.4187,1,All,All,1/1/2019,Present,0.06657965,0.06648688,0.00001044,0.00008233,,,0.02868,,,,GHG Protocol 2011-2017
BOSNIA AND HERZEGOVINA,GHG,Bus,All,All,1.4187,1,All,All,1/1/2019,Present,0.06657965,0.06648688,0.00001044,0.00008233,,,0.02868,,,,GHG Protocol 2011-2017
BOTSWANA,GHG,Bus,All,All,1.4187,1,All,All,1/1/2019,Present,0.06657965,0.06648688,0.00001044,0.00008233,,,0.02868,,,,GHG Protocol 2011-2017
BRAZIL,GHG,Bus,All,All,1.4187,1,All,All,1/1/2019,Present,0.06657965,0.06648688,0.00001044,0.00008233,,,0.02868,,,,GHG Protocol 2011-2017
BRUNEI DARUSSALAM,GHG,Bus,All,All,1.4187,1,All,All,1/1/2019,Present,0.06657965,0.06648688,0.00001044,0.00008233,,,0.032941364,,,,GHG Protocol 2011-2017
BULGARIA,GHG,Bus,All,All,1.4187,1,All,All,1/1/2019,Present,0.06657965,0.06648688,0.00001044,0.00008233,,,0.03451465,,,,GHG Protocol 2011-2017
CAMBODIA,GHG,Bus,All,All,1.4187,1,All,All,1/1/2019,Present,0.06657965,0.06648688,0.00001044,0.00008233,,,0.036087937,,,,GHG Protocol 2011-2017
CAMEROON,GHG,Bus,All,All,1.4187,1,All,All,1/1/2019,Present,0.06657965,0.06648688,0.00001044,0.00008233,,,0.037661224,,,,GHG Protocol 2011-2017
CANADA,GHG,Bus,All,All,1.4187,1,All,All,1/1/2019,Present,0.06657965,0.06648688,0.00001044,0.00008233,,,0.00646,,,,GHG Protocol 2011-2017
CANADA - ALBERTA,GHG,Bus,All,All,1.4187,1,All,All,1/1/2019,Present,0.06657965,0.06648688,0.00001044,0.00008233,,,0.00646,,,,GHG Protocol 2011-2017
CANADA - BRITISH COLUMBIA,GHG,Bus,All,All,1.4187,1,All,All,1/1/2019,Present,0.06657965,0.06648688,0.00001044,0.00008233,,,0.02494,,,,GHG Protocol 2011-2017
CANADA - MANITOBA,GHG,Bus,All,All,1.4187,1,All,All,1/1/2019,Present,0.06657965,0.06648688,0.00001044,0.00008233,,,0.02494,,,,GHG Protocol 2011-2017
CANADA - NEW BRUNSWICK,GHG,Bus,All,All,1.4187,1,All,All,1/1/2019,Present,0.06657965,0.06648688,0.00001044,0.00008233,,,0.02868,,,,GHG Protocol 2011-2017
CANADA - NEWFOUNDLAND AND LABRADOR,GHG,Bus,All,All,1.4187,1,All,All,1/1/2019,Present,0.06657965,0.06648688,0.00001044,0.00008233,,,0.02868,,,,GHG Protocol 2011-2017
CANADA - NORTHWEST TERRITORIES,GHG,Bus,All,All,1.4187,1,All,All,1/1/2019,Present,0.06657965,0.06648688,0.00001044,0.00008233,,,0.01885,,,,GHG Protocol 2011-2017
CANADA - NOVA SCOTIA,GHG,Bus,All,All,1.4187,1,All,All,1/1/2019,Present,0.06657965,0.06648688,0.00001044,0.00008233,,,0.01885,,,,GHG Protocol 2011-2017
CANADA - NUNAVUT,GHG,Bus,All,All,1.4187,1,All,All,1/1/2019,Present,0.06657965,0.06648688,0.00001044,0.00008233,,,0.02868,,,,GHG Protocol 2011-2017
CANADA - ONTARIO,GHG,Bus,All,All,1.4187,1,All,All,1/1/2019,Present,0.06657965,0.06648688,0.00001044,0.00008233,,,0.02868,,,,GHG Protocol 2011-2017
CANADA - PRINCE EDWARD ISLAND,GHG,Bus,All,All,1.4187,1,All,All,1/1/2019,Present,0.06657965,0.06648688,0.00001044,0.00008233,,,0.02868,,,,GHG Protocol 2011-2017
CANADA - QUEBEC,GHG,Bus,All,All,1.4187,1,All,All,1/1/2019,Present,0.06657965,0.06648688,0.00001044,0.00008233,,,0.02868,,,,GHG Protocol 2011-2017
CANADA - SASKATCHEWAN,GHG,Bus,All,All,1.4187,1,All,All,1/1/2019,Present,0.06657965,0.06648688,0.00001044,0.00008233,,,0.032941364,,,,GHG Protocol 2011-2017
CANADA - YUKON,GHG,Bus,All,All,1.4187,1,All,All,1/1/2019,Present,0.06657965,0.06648688,0.00001044,0.00008233,,,0.03451465,,,,GHG Protocol 2011-2017
CHILE,GHG,Bus,All,All,1.4187,1,All,All,1/1/2019,Present,0.06657965,0.06648688,0.00001044,0.00008233,,,0.036087937,,,,GHG Protocol 2011-2017
CHINA,GHG,Bus,All,All,1.4187,1,All,All,1/1/2019,Present,0.06657965,0.06648688,0.00001044,0.00008233,,,0.037661224,,,,GHG Protocol 2011-2017
CHINA - ANHUI,GHG,Bus,All,All,1.4187,1,All,All,1/1/2019,Present,0.06657965,0.06648688,0.00001044,0.00008233,,,0.00646,,,,GHG Protocol 2011-2017
CHINA - BEIJING,GHG,Bus,All,All,1.4187,1,All,All,1/1/2019,Present,0.06657965,0.06648688,0.00001044,0.00008233,,,0.00646,,,,GHG Protocol 2011-2017
CHINA - CHONGQING,GHG,Bus,All,All,1.4187,1,All,All,1/1/2019,Present,0.06657965,0.06648688,0.00001044,0.00008233,,,0.02494,,,,GHG Protocol 2011-2017
CHINA - FUJIAN,GHG,Bus,All,All,1.4187,1,All,All,1/1/2019,Present,0.06657965,0.06648688,0.00001044,0.00008233,,,0.02494,,,,GHG Protocol 2011-2017
CHINA - GANSU,GHG,Bus,All,All,1.4187,1,All,All,1/1/2019,Present,0.06657965,0.06648688,0.00001044,0.00008233,,,0.02868,,,,GHG Protocol 2011-2017
CHINA - GUANGDONG,GHG,Bus,All,All,1.4187,1,All,All,1/1/2019,Present,0.06657965,0.06648688,0.00001044,0.00008233,,,0.02868,,,,GHG Protocol 2011-2017
CHINA - GUANGXI,GHG,Bus,All,All,1.4187,1,All,All,1/1/2019,Present,0.06657965,0.06648688,0.00001044,0.00008233,,,0.01885,,,,GHG Protocol 2011-2017
CHINA - GUIZHOU,GHG,Bus,All,All,1.4187,1,All,All,1/1/2019,Present,0.06657965,0.06648688,0.00001044,0.00008233,,,0.01885,,,,GHG Protocol 2011-2017
CHINA - HAINAN,GHG,Bus,All,All,1.4187,1,All,All,1/1/2019,Present,0.06657965,0.06648688,0.00001044,0.00008233,,,0.02868,,,,GHG Protocol 2011-2017
CHINA - HEBEI,GHG,Bus,All,All,1.4187,1,All,All,1/1/2019,Present,0.06657965,0.06648688,0.00001044,0.00008233,,,0.02868,,,,GHG Protocol 2011-2017
CHINA - HEILONGJIANG,GHG,Bus,All,All,1.4187,1,All,All,1/1/2019,Present,0.06657965,0.06648688,0.00001044,0.00008233,,,0.02868,,,,GHG Protocol 2011-2017
CHINA - HENAN,GHG,Bus,All,All,1.4187,1,All,All,1/1/2019,Present,0.06657965,0.06648688,0.00001044,0.00008233,,,0.02868,,,,GHG Protocol 2011-2017
CHINA - HUBEI,GHG,Bus,All,All,1.4187,1,All,All,1/1/2019,Present,0.06657965,0.06648688,0.00001044,0.00008233,,,0.032941364,,,,GHG Protocol 2011-2017
CHINA - HUNAN,GHG,Bus,All,All,1.4187,1,All,All,1/1/2019,Present,0.06657965,0.06648688,0.00001044,0.00008233,,,0.03451465,,,,GHG Protocol 2011-2017
CHINA - INNER MONGOLIA,GHG,Bus,All,All,1.4187,1,All,All,1/1/2019,Present,0.06657965,0.06648688,0.00001044,0.00008233,,,0.036087937,,,,GHG Protocol 2011-2017
CHINA - JIANGSU,GHG,Bus,All,All,1.4187,1,All,All,1/1/2019,Present,0.06657965,0.06648688,0.00001044,0.00008233,,,0.037661224,,,,GHG Protocol 2011-2017
CHINA - JIANGXI,GHG,Bus,All,All,1.4187,1,All,All,1/1/2019,Present,0.06657965,0.06648688,0.00001044,0.00008233,,,0.00646,,,,GHG Protocol 2011-2017
CHINA - JILIN,GHG,Bus,All,All,1.4187,1,All,All,1/1/2019,Present,0.06657965,0.06648688,0.00001044,0.00008233,,,0.00646,,,,GHG Protocol 2011-2017
CHINA - LIAONING,GHG,Bus,All,All,1.4187,1,All,All,1/1/2019,Present,0.06657965,0.06648688,0.00001044,0.00008233,,,0.02494,,,,GHG Protocol 2011-2017
CHINA - NINGXIA,GHG,Bus,All,All,1.4187,1,All,All,1/1/2019,Present,0.06657965,0.06648688,0.00001044,0.00008233,,,0.02494,,,,GHG Protocol 2011-2017
CHINA - QINGHAI,GHG,Bus,All,All,1.4187,1,All,All,1/1/2019,Present,0.06657965,0.06648688,0.00001044,0.00008233,,,0.02868,,,,GHG Protocol 2011-2017
CHINA - SHAANXI,GHG,Bus,All,All,1.4187,1,All,All,1/1/2019,Present,0.06657965,0.06648688,0.00001044,0.00008233,,,0.02868,,,,GHG Protocol 2011-2017
CHINA - SHANDONG,GHG,Bus,All,All,1.4187,1,All,All,1/1/2019,Present,0.06657965,0.06648688,0.00001044,0.00008233,,,0.01885,,,,GHG Protocol 2011-2017
CHINA - SHANGHAI,GHG,Bus,All,All,1.4187,1,All,All,1/1/2019,Present,0.06657965,0.06648688,0.00001044,0.00008233,,,0.01885,,,,GHG Protocol 2011-2017
CHINA - SHANXI,GHG,Bus,All,All,1.4187,1,All,All,1/1/2019,Present,0.06657965,0.06648688,0.00001044,0.00008233,,,0.02868,,,,GHG Protocol 2011-2017
CHINA - SICHUAN,GHG,Bus,All,All,1.4187,1,All,All,1/1/2019,Present,0.06657965,0.06648688,0.00001044,0.00008233,,,0.02868,,,,GHG Protocol 2011-2017
CHINA - TIANJIN,GHG,Bus,All,All,1.4187,1,All,All,1/1/2019,Present,0.06657965,0.06648688,0.00001044,0.00008233,,,0.02868,,,,GHG Protocol 2011-2017
CHINA - XINJIANG,GHG,Bus,All,All,1.4187,1,All,All,1/1/2019,Present,0.06657965,0.06648688,0.00001044,0.00008233,,,0.02868,,,,GHG Protocol 2011-2017
CHINA - YUNNAN,GHG,Bus,All,All,1.4187,1,All,All,1/1/2019,Present,0.06657965,0.06648688,0.00001044,0.00008233,,,0.032941364,,,,GHG Protocol 2011-2017
CHINA - ZHEJIANG,GHG,Bus,All,All,1.4187,1,All,All,1/1/2019,Present,0.06657965,0.06648688,0.00001044,0.00008233,,,0.03451465,,,,GHG Protocol 2011-2017
COLOMBIA,GHG,Bus,All,All,1.4187,1,All,All,1/1/2019,Present,0.06657965,0.06648688,0.00001044,0.00008233,,,0.036087937,,,,GHG Protocol 2011-2017
CONGO,GHG,Bus,All,All,1.4187,1,All,All,1/1/2019,Present,0.06657965,0.06648688,0.00001044,0.00008233,,,0.037661224,,,,GHG Protocol 2011-2017
"CONGO, THE DEMOCRATIC REPUBLIC OF THE",GHG,Bus,All,All,1.4187,1,All,All,1/1/2019,Present,0.06657965,0.06648688,0.00001044,0.00008233,,,0.00646,,,,GHG Protocol 2011-2017
COSTA RICA,GHG,Bus,All,All,1.4187,1,All,All,1/1/2019,Present,0.06657965,0.06648688,0.00001044,0.00008233,,,0.00646,,,,GHG Protocol 2011-2017
CÔTE D'IVOIRE,GHG,Bus,All,All,1.4187,1,All,All,1/1/2019,Present,0.06657965,0.06648688,0.00001044,0.00008233,,,0.02494,,,,GHG Protocol 2011-2017
CROATIA,GHG,Bus,All,All,1.4187,1,All,All,1/1/2019,Present,0.06657965,0.06648688,0.00001044,0.00008233,,,0.02494,,,,GHG Protocol 2011-2017
CUBA,GHG,Bus,All,All,1.4187,1,All,All,1/1/2019,Present,0.06657965,0.06648688,0.00001044,0.00008233,,,0.02868,,,,GHG Protocol 2011-2017
CYPRUS,GHG,Bus,All,All,1.4187,1,All,All,1/1/2019,Present,0.06657965,0.06648688,0.00001044,0.00008233,,,0.02868,,,,GHG Protocol 2011-2017
CZECH REPUBLIC,GHG,Bus,All,All,1.4187,1,All,All,1/1/2019,Present,0.06657965,0.06648688,0.00001044,0.00008233,,,0.01885,,,,GHG Protocol 2011-2017
DENMARK,GHG,Bus,All,All,1.4187,1,All,All,1/1/2019,Present,0.06657965,0.06648688,0.00001044,0.00008233,,,0.01885,,,,GHG Protocol 2011-2017
DOMINICAN REPUBLIC,GHG,Bus,All,All,1.4187,1,All,All,1/1/2019,Present,0.06657965,0.06648688,0.00001044,0.00008233,,,0.02868,,,,GHG Protocol 2011-2017
ECUADOR,GHG,Bus,All,All,1.4187,1,All,All,1/1/2019,Present,0.06657965,0.06648688,0.00001044,0.00008233,,,0.02868,,,,GHG Protocol 2011-2017
EGYPT,GHG,Bus,All,All,1.4187,1,All,All,1/1/2019,Present,0.06657965,0.06648688,0.00001044,0.00008233,,,0.02868,,,,GHG Protocol 2011-2017
EL SALVADOR,GHG,Bus,All,All,1.4187,1,All,All,1/1/2019,Present,0.06657965,0.06648688,0.00001044,0.00008233,,,0.02868,,,,GHG Protocol 2011-2017
ERITREA,GHG,Bus,All,All,1.4187,1,All,All,1/1/2019,Present,0.06657965,0.06648688,0.00001044,0.00008233,,,0.032941364,,,,GHG Protocol 2011-2017
ESTONIA,GHG,Bus,All,All,1.4187,1,All,All,1/1/2019,Present,0.06657965,0.06648688,0.00001044,0.00008233,,,0.03451465,,,,GHG Protocol 2011-2017
ETHIOPIA,GHG,Bus,All,All,1.4187,1,All,All,1/1/2019,Present,0.06657965,0.06648688,0.00001044,0.00008233,,,0.036087937,,,,GHG Protocol 2011-2017
EUROPE,GHG,Bus,All,All,1.4187,1,All,All,1/1/2019,Present,0.06657965,0.06648688,0.00001044,0.00008233,,,0.037661224,,,,GHG Protocol 2011-2017
EUROPE (OECD),GHG,Bus,All,All,1.4187,1,All,All,1/1/2019,Present,0.06657965,0.06648688,0.00001044,0.00008233,,,0.00646,,,,GHG Protocol 2011-2017
EUROPE AND EURASIA (NON-OECD),GHG,Bus,All,All,1.4187,1,All,All,1/1/2019,Present,0.06657965,0.06648688,0.00001044,0.00008233,,,0.00646,,,,GHG Protocol 2011-2017
EUROPEAN UNION (ORIGINAL 27),GHG,Bus,All,All,1.4187,1,All,All,1/1/2019,Present,0.06657965,0.06648688,0.00001044,0.00008233,,,0.02494,,,,GHG Protocol 2011-2017
FINLAND,GHG,Bus,All,All,1.4187,1,All,All,1/1/2019,Present,0.06657965,0.06648688,0.00001044,0.00008233,,,0.02494,,,,GHG Protocol 2011-2017
FRANCE,GHG,Bus,All,All,1.4187,1,All,All,1/1/2019,Present,0.06657965,0.06648688,0.00001044,0.00008233,,,0.02868,,,,GHG Protocol 2011-2017
GABON,GHG,Bus,All,All,1.4187,1,All,All,1/1/2019,Present,0.06657965,0.06648688,0.00001044,0.00008233,,,0.02868,,,,GHG Protocol 2011-2017
GEORGIA,GHG,Bus,All,All,1.4187,1,All,All,1/1/2019,Present,0.06657965,0.06648688,0.00001044,0.00008233,,,0.01885,,,,GHG Protocol 2011-2017
GERMANY,GHG,Bus,All,All,1.4187,1,All,All,1/1/2019,Present,0.06657965,0.06648688,0.00001044,0.00008233,,,0.01885,,,,GHG Protocol 2011-2017
GHANA,GHG,Bus,All,All,1.4187,1,All,All,1/1/2019,Present,0.06657965,0.06648688,0.00001044,0.00008233,,,0.02868,,,,GHG Protocol 2011-2017
GIBRALTAR,GHG,Bus,All,All,1.4187,1,All,All,1/1/2019,Present,0.06657965,0.06648688,0.00001044,0.00008233,,,0.02868,,,,GHG Protocol 2011-2017
GREECE,GHG,Bus,All,All,1.4187,1,All,All,1/1/2019,Present,0.06657965,0.06648688,0.00001044,0.00008233,,,0.02868,,,,GHG Protocol 2011-2017
GUATEMALA,GHG,Bus,All,All,1.4187,1,All,All,1/1/2019,Present,0.06657965,0.06648688,0.00001044,0.00008233,,,0.02868,,,,GHG Protocol 2011-2017
HAITI,GHG,Bus,All,All,1.4187,1,All,All,1/1/2019,Present,0.06657965,0.06648688,0.00001044,0.00008233,,,0.032941364,,,,GHG Protocol 2011-2017
HONG KONG,GHG,Bus,All,All,1.4187,1,All,All,1/1/2019,Present,0.06657965,0.06648688,0.00001044,0.00008233,,,0.03451465,,,,GHG Protocol 2011-2017
"HONG KONG, CHINA",GHG,Bus,All,All,1.4187,1,All,All,1/1/2019,Present,0.06657965,0.06648688,0.00001044,0.00008233,,,0.036087937,,,,GHG Protocol 2011-2017
HUNGARY,GHG,Bus,All,All,1.4187,1,All,All,1/1/2019,Present,0.06657965,0.06648688,0.00001044,0.00008233,,,0.037661224,,,,GHG Protocol 2011-2017
ICELAND,GHG,Bus,All,All,1.4187,1,All,All,1/1/2019,Present,0.06657965,0.06648688,0.00001044,0.00008233,,,0.00646,,,,GHG Protocol 2011-2017
INDIA,GHG,Bus,All,All,1.4187,1,All,All,1/1/2019,Present,0.06657965,0.06648688,0.00001044,0.00008233,,,0.00646,,,,GHG Protocol 2011-2017
INDONESIA,GHG,Bus,All,All,1.4187,1,All,All,1/1/2019,Present,0.06657965,0.06648688,0.00001044,0.00008233,,,0.02494,,,,GHG Protocol 2011-2017
"IRAN, ISLAMIC REPUBLIC OF",GHG,Bus,All,All,1.4187,1,All,All,1/1/2019,Present,0.06657965,0.06648688,0.00001044,0.00008233,,,0.02494,,,,GHG Protocol 2011-2017
IRAQ,GHG,Bus,All,All,1.4187,1,All,All,1/1/2019,Present,0.06657965,0.06648688,0.00001044,0.00008233,,,0.02868,,,,GHG Protocol 2011-2017
IRELAND,GHG,Bus,All,All,1.4187,1,All,All,1/1/2019,Present,0.06657965,0.06648688,0.00001044,0.00008233,,,0.02868,,,,GHG Protocol 2011-2017
ISRAEL,GHG,Bus,All,All,1.4187,1,All,All,1/1/2019,Present,0.06657965,0.06648688,0.00001044,0.00008233,,,0.01885,,,,GHG Protocol 2011-2017
ITALY,GHG,Bus,All,All,1.4187,1,All,All,1/1/2019,Present,0.06657965,0.06648688,0.00001044,0.00008233,,,0.01885,,,,GHG Protocol 2011-2017
JAMAICA,GHG,Bus,All,All,1.4187,1,All,All,1/1/2019,Present,0.06657965,0.06648688,0.00001044,0.00008233,,,0.02868,,,,GHG Protocol 2011-2017
JAPAN,GHG,Bus,All,All,1.4187,1,All,All,1/1/2019,Present,0.06657965,0.06648688,0.00001044,0.00008233,,,0.02868,,,,GHG Protocol 2011-2017
JORDAN,GHG,Bus,All,All,1.4187,1,All,All,1/1/2019,Present,0.06657965,0.06648688,0.00001044,0.00008233,,,0.02868,,,,GHG Protocol 2011-2017
KAZAKHSTAN,GHG,Bus,All,All,1.4187,1,All,All,1/1/2019,Present,0.06657965,0.06648688,0.00001044,0.00008233,,,0.02868,,,,GHG Protocol 2011-2017
KENYA,GHG,Bus,All,All,1.4187,1,All,All,1/1/2019,Present,0.06657965,0.06648688,0.00001044,0.00008233,,,0.032941364,,,,GHG Protocol 2011-2017
"KOREA, DEMOCRATIC PEOPLE'S REPUBLIC OF",GHG,Bus,All,All,1.4187,1,All,All,1/1/2019,Present,0.06657965,0.06648688,0.00001044,0.00008233,,,0.03451465,,,,GHG Protocol 2011-2017
"KOREA, REPUBLIC OF",GHG,Bus,All,All,1.4187,1,All,All,1/1/2019,Present,0.06657965,0.06648688,0.00001044,0.00008233,,,0.036087937,,,,GHG Protocol 2011-2017
KOSOVO,GHG,Bus,All,All,1.4187,1,All,All,1/1/2019,Present,0.06657965,0.06648688,0.00001044,0.00008233,,,0.037661224,,,,GHG Protocol 2011-2017
KUWAIT,GHG,Bus,All,All,1.4187,1,All,All,1/1/2019,Present,0.06657965,0.06648688,0.00001044,0.00008233,,,0.00646,,,,GHG Protocol 2011-2017
KYRGYZSTAN,GHG,Bus,All,All,1.4187,1,All,All,1/1/2019,Present,0.06657965,0.06648688,0.00001044,0.00008233,,,0.00646,,,,GHG Protocol 2011-2017
LATIN AMERICA,GHG,Bus,All,All,1.4187,1,All,All,1/1/2019,Present,0.06657965,0.06648688,0.00001044,0.00008233,,,0.02494,,,,GHG Protocol 2011-2017
LATIN AMERICA (OTHER),GHG,Bus,All,All,1.4187,1,All,All,1/1/2019,Present,0.06657965,0.06648688,0.00001044,0.00008233,,,0.02494,,,,GHG Protocol 2011-2017
LATVIA,GHG,Bus,All,All,1.4187,1,All,All,1/1/2019,Present,0.06657965,0.06648688,0.00001044,0.00008233,,,0.02868,,,,GHG Protocol 2011-2017
LEBANON,GHG,Bus,All,All,1.4187,1,All,All,1/1/2019,Present,0.06657965,0.06648688,0.00001044,0.00008233,,,0.02868,,,,GHG Protocol 2011-2017
LIBYA,GHG,Bus,All,All,1.4187,1,All,All,1/1/2019,Present,0.06657965,0.06648688,0.00001044,0.00008233,,,0.01885,,,,GHG Protocol 2011-2017
LITHUANIA,GHG,Bus,All,All,1.4187,1,All,All,1/1/2019,Present,0.06657965,0.06648688,0.00001044,0.00008233,,,0.01885,,,,GHG Protocol 2011-2017
LUXEMBOURG,GHG,Bus,All,All,1.4187,1,All,All,1/1/2019,Present,0.06657965,0.06648688,0.00001044,0.00008233,,,0.02868,,,,GHG Protocol 2011-2017
"MACEDONIA, THE FORMER YUGOSLAV REPUBLIC OF",GHG,Bus,All,All,1.4187,1,All,All,1/1/2019,Present,0.06657965,0.06648688,0.00001044,0.00008233,,,0.02868,,,,GHG Protocol 2011-2017
MALAYSIA,GHG,Bus,All,All,1.4187,1,All,All,1/1/2019,Present,0.06657965,0.06648688,0.00001044,0.00008233,,,0.02868,,,,GHG Protocol 2011-2017
MALTA,GHG,Bus,All,All,1.4187,1,All,All,1/1/2019,Present,0.06657965,0.06648688,0.00001044,0.00008233,,,0.02868,,,,GHG Protocol 2011-2017
MEXICO,GHG,Bus,All,All,1.4187,1,All,All,1/1/2019,Present,0.06657965,0.06648688,0.00001044,0.00008233,,,0.032941364,,,,GHG Protocol 2011-2017
MIDDLE EAST,GHG,Bus,All,All,1.4187,1,All,All,1/1/2019,Present,0.06657965,0.06648688,0.00001044,0.00008233,,,0.03451465,,,,GHG Protocol 2011-2017
"MOLDOVA, REPUBLIC OF",GHG,Bus,All,All,1.4187,1,All,All,1/1/2019,Present,0.06657965,0.06648688,0.00001044,0.00008233,,,0.036087937,,,,GHG Protocol 2011-2017
MONGOLIA,GHG,Bus,All,All,1.4187,1,All,All,1/1/2019,Present,0.06657965,0.06648688,0.00001044,0.00008233,,,0.037661224,,,,GHG Protocol 2011-2017
MOROCCO,GHG,Bus,All,All,1.4187,1,All,All,1/1/2019,Present,0.06657965,0.06648688,0.00001044,0.00008233,,,0.00646,,,,GHG Protocol 2011-2017
MOZAMBIQUE,GHG,Bus,All,All,1.4187,1,All,All,1/1/2019,Present,0.06657965,0.06648688,0.00001044,0.00008233,,,0.00646,,,,GHG Protocol 2011-2017
MYANMAR,GHG,Bus,All,All,1.4187,1,All,All,1/1/2019,Present,0.06657965,0.06648688,0.00001044,0.00008233,,,0.02494,,,,GHG Protocol 2011-2017
NAMIBIA,GHG,Bus,All,All,1.4187,1,All,All,1/1/2019,Present,0.06657965,0.06648688,0.00001044,0.00008233,,,0.02494,,,,GHG Protocol 2011-2017
NEPAL,GHG,Bus,All,All,1.4187,1,All,All,1/1/2019,Present,0.06657965,0.06648688,0.00001044,0.00008233,,,0.02868,,,,GHG Protocol 2011-2017
NETHERLANDS,GHG,Bus,All,All,1.4187,1,All,All,1/1/2019,Present,0.06657965,0.06648688,0.00001044,0.00008233,,,0.02868,,,,GHG Protocol 2011-2017
NEW ZEALAND,GHG,Bus,All,All,1.4187,1,All,All,1/1/2019,Present,0.06657965,0.06648688,0.00001044,0.00008233,,,0.01885,,,,GHG Protocol 2011-2017
NICARAGUA,GHG,Bus,All,All,1.4187,1,All,All,1/1/2019,Present,0.06657965,0.06648688,0.00001044,0.00008233,,,0.01885,,,,GHG Protocol 2011-2017
NIGERIA,GHG,Bus,All,All,1.4187,1,All,All,1/1/2019,Present,0.06657965,0.06648688,0.00001044,0.00008233,,,0.02868,,,,GHG Protocol 2011-2017
NORTH AMERICA,GHG,Bus,All,All,1.4187,1,All,All,1/1/2019,Present,0.06657965,0.06648688,0.00001044,0.00008233,,,0.02868,,,,GHG Protocol 2011-2017
NORWAY,GHG,Bus,All,All,1.4187,1,All,All,1/1/2019,Present,0.06648688,0.06648688,,,,,0.02868,,,,GHG Protocol 2011-2017
OMAN,GHG,Bus,All,All,1.4187,1,All,All,1/1/2019,Present,0.06648688,0.06648688,,,,,0.02868,,,,GHG Protocol 2011-2017
PAKISTAN,GHG,Bus,All,All,1.4187,1,All,All,1/1/2019,Present,0.06648688,0.06648688,,,,,0.032941364,,,,GHG Protocol 2011-2017
PANAMA,GHG,Bus,All,All,1.4187,1,All,All,1/1/2019,Present,0.06648688,0.06648688,,,,,0.03451465,,,,GHG Protocol 2011-2017
PARAGUAY,GHG,Bus,All,All,1.4187,1,All,All,1/1/2019,Present,0.06648688,0.06648688,,,,,0.036087937,,,,GHG Protocol 2011-2017
PERU,GHG,Bus,All,All,1.4187,1,All,All,1/1/2019,Present,0.06648688,0.06648688,,,,,0.037661224,,,,GHG Protocol 2011-2017
PHILIPPINES,GHG,Bus,All,All,1.4187,1,All,All,1/1/2019,Present,0.06648688,0.06648688,,,,,0.00646,,,,GHG Protocol 2011-2017
POLAND,GHG,Bus,All,All,1.4187,1,All,All,1/1/2019,Present,0.06648688,0.06648688,,,,,0.00646,,,,GHG Protocol 2011-2017
PORTUGAL,GHG,Bus,All,All,1.4187,1,All,All,1/1/2019,Present,0.06648688,0.06648688,,,,,0.02494,,,,GHG Protocol 2011-2017
QATAR,GHG,Bus,All,All,1.4187,1,All,All,1/1/2019,Present,0.06648688,0.06648688,,,,,0.02494,,,,GHG Protocol 2011-2017
ROMANIA,GHG,Bus,All,All,1.4187,1,All,All,1/1/2019,Present,0.06648688,0.06648688,,,,,0.02868,,,,GHG Protocol 2011-2017
RUSSIAN FEDERATION,GHG,Bus,All,All,1.4187,1,All,All,1/1/2019,Present,0.06648688,0.06648688,,,,,0.02868,,,,GHG Protocol 2011-2017
SAUDI ARABIA,GHG,Bus,All,All,1.4187,1,All,All,1/1/2019,Present,0.06648688,0.06648688,,,,,0.01885,,,,GHG Protocol 2011-2017
SENEGAL,GHG,Bus,All,All,1.4187,1,All,All,1/1/2019,Present,0.06648688,0.06648688,,,,,0.01885,,,,GHG Protocol 2011-2017
SERBIA,GHG,Bus,All,All,1.4187,1,All,All,1/1/2019,Present,0.06648688,0.06648688,,,,,0.02868,,,,GHG Protocol 2011-2017
SINGAPORE,GHG,Bus,All,All,1.4187,1,All,All,1/1/2019,Present,0.06648688,0.06648688,,,,,0.02868,,,,GHG Protocol 2011-2017
SLOVAKIA,GHG,Bus,All,All,1.4187,1,All,All,1/1/2019,Present,0.06648688,0.06648688,,,,,0.02868,,,,GHG Protocol 2011-2017
SLOVENIA,GHG,Bus,All,All,1.4187,1,All,All,1/1/2019,Present,0.06648688,0.06648688,,,,,0.02868,,,,GHG Protocol 2011-2017
SOUTH AFRICA,GHG,Bus,All,All,1.4187,1,All,All,1/1/2019,Present,0.06648688,0.06648688,,,,,0.032941364,,,,GHG Protocol 2011-2017
SPAIN,GHG,Bus,All,All,1.4187,1,All,All,1/1/2019,Present,0.06648688,0.06648688,,,,,0.03451465,,,,GHG Protocol 2011-2017
SRI LANKA,GHG,Bus,All,All,1.4187,1,All,All,1/1/2019,Present,0.06648688,0.06648688,,,,,0.036087937,,,,GHG Protocol 2011-2017
SUDAN,GHG,Bus,All,All,1.4187,1,All,All,1/1/2019,Present,0.06648688,0.06648688,,,,,0.037661224,,,,GHG Protocol 2011-2017
SWEDEN,GHG,Bus,All,All,1.4187,1,All,All,1/1/2019,Present,0.06648688,0.06648688,,,,,0.00646,,,,GHG Protocol 2011-2017
SWITZERLAND,GHG,Bus,All,All,1.4187,1,All,All,1/1/2019,Present,0.06648688,0.06648688,,,,,0.00646,,,,GHG Protocol 2011-2017
SYRIAN ARAB REPUBLIC ,GHG,Bus,All,All,1.4187,1,All,All,1/1/2019,Present,0.06648688,0.06648688,,,,,0.02494,,,,GHG Protocol 2011-2017
"TAIWAN, PROVINCE OF CHINA",GHG,Bus,All,All,1.4187,1,All,All,1/1/2019,Present,0.06648688,0.06648688,,,,,0.02494,,,,GHG Protocol 2011-2017
TAJIKISTAN,GHG,Bus,All,All,1.4187,1,All,All,1/1/2019,Present,0.06648688,0.06648688,,,,,0.02868,,,,GHG Protocol 2011-2017
"TANZANIA, UNITED REPUBLIC OF",GHG,Bus,All,All,1.4187,1,All,All,1/1/2019,Present,0.06648688,0.06648688,,,,,0.02868,,,,GHG Protocol 2011-2017
THAILAND,GHG,Bus,All,All,1.4187,1,All,All,1/1/2019,Present,0.06648688,0.06648688,,,,,0.01885,,,,GHG Protocol 2011-2017
TOGO,GHG,Bus,All,All,1.4187,1,All,All,1/1/2019,Present,0.06648688,0.06648688,,,,,0.01885,,,,GHG Protocol 2011-2017
TRINIDAD AND TOBAGO,GHG,Bus,All,All,1.4187,1,All,All,1/1/2019,Present,0.06648688,0.06648688,,,,,0.02868,,,,GHG Protocol 2011-2017
TUNISIA,GHG,Bus,All,All,1.4187,1,All,All,1/1/2019,Present,0.06648688,0.06648688,,,,,0.02868,,,,GHG Protocol 2011-2017
TURKEY,GHG,Bus,All,All,1.4187,1,All,All,1/1/2019,Present,0.06648688,0.06648688,,,,,0.02868,,,,GHG Protocol 2011-2017
TURKMENISTAN,GHG,Bus,All,All,1.4187,1,All,All,1/1/2019,Present,0.06648688,0.06648688,,,,,0.02868,,,,GHG Protocol 2011-2017
UKRAINE,GHG,Bus,All,All,1.4187,1,All,All,1/1/2019,Present,0.06648688,0.06648688,,,,,0.032941364,,,,GHG Protocol 2011-2017
UNITED ARAB EMIRATES,GHG,Bus,All,All,1.4187,1,All,All,1/1/2019,Present,0.06648688,0.06648688,,,,,0.03451465,,,,GHG Protocol 2011-2017
UNITED STATES,GHG,Bus,All,All,1.4187,1,All,All,9/1/2011,Present,0.06648756,0.06648688,0.00000037,0.00000031,,,0.036087937,,,,GHG Protocol 2011-2017
UNITED STATES - ALABAMA,GHG,Bus,All,All,1.4187,1,All,All,1/1/2019,Present,0.06657965,0.06648688,0.00001044,0.00008233,,,0.037661224,,,,GHG Protocol 2011-2017
UNITED STATES - ALASKA,GHG,Bus,All,All,1.4187,1,All,All,1/1/2019,Present,0.06657965,0.06648688,0.00001044,0.00008233,,,0.00646,,,,GHG Protocol 2011-2017
UNITED STATES - ARIZONA,GHG,Bus,All,All,1.4187,1,All,All,1/1/2019,Present,0.06657965,0.06648688,0.00001044,0.00008233,,,0.00646,,,,GHG Protocol 2011-2017
UNITED STATES - ARKANSAS,GHG,Bus,All,All,1.4187,1,All,All,1/1/2019,Present,0.06657965,0.06648688,0.00001044,0.00008233,,,0.02494,,,,GHG Protocol 2011-2017
UNITED STATES - CALIFORNIA,GHG,Bus,All,All,1.4187,1,All,All,1/1/2019,Present,0.06657965,0.06648688,0.00001044,0.00008233,,,0.02494,,,,GHG Protocol 2011-2017
UNITED STATES - COLORADO,GHG,Bus,All,All,1.4187,1,All,All,1/1/2019,Present,0.06657965,0.06648688,0.00001044,0.00008233,,,0.02868,,,,GHG Protocol 2011-2017
UNITED STATES - CONNECTICUT,GHG,Bus,All,All,1.4187,1,All,All,1/1/2019,Present,0.06657965,0.06648688,0.00001044,0.00008233,,,0.02868,,,,GHG Protocol 2011-2017
UNITED STATES - DELAWARE,GHG,Bus,All,All,1.4187,1,All,All,1/1/2019,Present,0.06657965,0.06648688,0.00001044,0.00008233,,,0.01885,,,,GHG Protocol 2011-2017
UNITED STATES - DISTRICT OF COLUMBIA,GHG,Bus,All,All,1.4187,1,All,All,1/1/2019,Present,0.06657965,0.06648688,0.00001044,0.00008233,,,0.01885,,,,GHG Protocol 2011-2017
UNITED STATES - FLORIDA,GHG,Bus,All,All,1.4187,1,All,All,1/1/2019,Present,0.06657965,0.06648688,0.00001044,0.00008233,,,0.02868,,,,GHG Protocol 2011-2017
UNITED STATES - GEORGIA,GHG,Bus,All,All,1.4187,1,All,All,1/1/2019,Present,0.06657965,0.06648688,0.00001044,0.00008233,,,0.02868,,,,GHG Protocol 2011-2017
UNITED STATES - HAWAII,GHG,Bus,All,All,1.4187,1,All,All,1/1/2019,Present,0.06657965,0.06648688,0.00001044,0.00008233,,,0.02868,,,,GHG Protocol 2011-2017
UNITED STATES - IDAHO,GHG,Bus,All,All,1.4187,1,All,All,1/1/2019,Present,0.06657965,0.06648688,0.00001044,0.00008233,,,0.02868,,,,GHG Protocol 2011-2017
UNITED STATES - ILLINOIS,GHG,Bus,All,All,1.4187,1,All,All,1/1/2019,Present,0.06657965,0.06648688,0.00001044,0.00008233,,,0.032941364,,,,GHG Protocol 2011-2017
UNITED STATES - INDIANA,GHG,Bus,All,All,1.4187,1,All,All,1/1/2019,Present,0.06657965,0.06648688,0.00001044,0.00008233,,,0.03451465,,,,GHG Protocol 2011-2017
UNITED STATES - IOWA,GHG,Bus,All,All,1.4187,1,All,All,1/1/2019,Present,0.06657965,0.06648688,0.00001044,0.00008233,,,0.036087937,,,,GHG Protocol 2011-2017
UNITED STATES - KANSAS,GHG,Bus,All,All,1.4187,1,All,All,1/1/2019,Present,0.06657965,0.06648688,0.00001044,0.00008233,,,0.037661224,,,,GHG Protocol 2011-2017
UNITED STATES - KENTUCKY,GHG,Bus,All,All,1.4187,1,All,All,1/1/2019,Present,0.06657965,0.06648688,0.00001044,0.00008233,,,0.00646,,,,GHG Protocol 2011-2017
UNITED STATES - LOUISIANA,GHG,Bus,All,All,1.4187,1,All,All,1/1/2019,Present,0.06657965,0.06648688,0.00001044,0.00008233,,,0.00646,,,,GHG Protocol 2011-2017
UNITED STATES - MAINE,GHG,Bus,All,All,1.4187,1,All,All,1/1/2019,Present,0.06657965,0.06648688,0.00001044,0.00008233,,,0.02494,,,,GHG Protocol 2011-2017
UNITED STATES - MARYLAND,GHG,Bus,All,All,1.4187,1,All,All,1/1/2019,Present,0.06657965,0.06648688,0.00001044,0.00008233,,,0.02494,,,,GHG Protocol 2011-2017
UNITED STATES - MASSACHUSETTS,GHG,Bus,All,All,1.4187,1,All,All,1/1/2019,Present,0.06657965,0.06648688,0.00001044,0.00008233,,,0.02868,,,,GHG Protocol 2011-2017
UNITED STATES - MICHIGAN,GHG,Bus,All,All,1.4187,1,All,All,1/1/2019,Present,0.06657965,0.06648688,0.00001044,0.00008233,,,0.02868,,,,GHG Protocol 2011-2017
UNITED STATES - MINNESOTA,GHG,Bus,All,All,1.4187,1,All,All,1/1/2019,Present,0.06657965,0.06648688,0.00001044,0.00008233,,,0.01885,,,,GHG Protocol 2011-2017
UNITED STATES - MISSISSIPPI,GHG,Bus,All,All,1.4187,1,All,All,1/1/2019,Present,0.06657965,0.06648688,0.00001044,0.00008233,,,0.01885,,,,GHG Protocol 2011-2017
UNITED STATES - MISSOURI,GHG,Bus,All,All,1.4187,1,All,All,1/1/2019,Present,0.06657965,0.06648688,0.00001044,0.00008233,,,0.02868,,,,GHG Protocol 2011-2017
UNITED STATES - MONTANA,GHG,Bus,All,All,1.4187,1,All,All,1/1/2019,Present,0.06657965,0.06648688,0.00001044,0.00008233,,,0.02868,,,,GHG Protocol 2011-2017
UNITED STATES - NEBRASKA,GHG,Bus,All,All,1.4187,1,All,All,1/1/2019,Present,0.06657965,0.06648688,0.00001044,0.00008233,,,0.02868,,,,GHG Protocol 2011-2017
UNITED STATES - NEVADA,GHG,Bus,All,All,1.4187,1,All,All,1/1/2019,Present,0.06657965,0.06648688,0.00001044,0.00008233,,,0.02868,,,,GHG Protocol 2011-2017
UNITED STATES - NEW HAMPSHIRE,GHG,Bus,All,All,1.4187,1,All,All,1/1/2019,Present,0.06657965,0.06648688,0.00001044,0.00008233,,,0.032941364,,,,GHG Protocol 2011-2017
UNITED STATES - NEW JERSEY,GHG,Bus,All,All,1.4187,1,All,All,1/1/2019,Present,0.06657965,0.06648688,0.00001044,0.00008233,,,0.03451465,,,,GHG Protocol 2011-2017
UNITED STATES - NEW MEXICO,GHG,Bus,All,All,1.4187,1,All,All,1/1/2019,Present,0.06657965,0.06648688,0.00001044,0.00008233,,,0.036087937,,,,GHG Protocol 2011-2017
UNITED STATES - NEW YORK,GHG,Bus,All,All,1.4187,1,All,All,1/1/2019,Present,0.06657965,0.06648688,0.00001044,0.00008233,,,0.037661224,,,,GHG Protocol 2011-2017
UNITED STATES - NORTH CAROLINA,GHG,Bus,All,All,1.4187,1,All,All,1/1/2019,Present,0.06657965,0.06648688,0.00001044,0.00008233,,,0.00646,,,,GHG Protocol 2011-2017
UNITED STATES - NORTH DAKOTA,GHG,Bus,All,All,1.4187,1,All,All,1/1/2019,Present,0.06657965,0.06648688,0.00001044,0.00008233,,,0.00646,,,,GHG Protocol 2011-2017
UNITED STATES - OHIO,GHG,Bus,All,All,1.4187,1,All,All,1/1/2019,Present,0.06657965,0.06648688,0.00001044,0.00008233,,,0.02494,,,,GHG Protocol 2011-2017
UNITED STATES - OKLAHOMA,GHG,Bus,All,All,1.4187,1,All,All,1/1/2019,Present,0.06657965,0.06648688,0.00001044,0.00008233,,,0.02494,,,,GHG Protocol 2011-2017
UNITED STATES - OREGON,GHG,Bus,All,All,1.4187,1,All,All,1/1/2019,Present,0.06657965,0.06648688,0.00001044,0.00008233,,,0.02868,,,,GHG Protocol 2011-2017
UNITED STATES - PENNSYLVANIA,GHG,Bus,All,All,1.4187,1,All,All,1/1/2019,Present,0.06657965,0.06648688,0.00001044,0.00008233,,,0.02868,,,,GHG Protocol 2011-2017
UNITED STATES - RHODE ISLAND,GHG,Bus,All,All,1.4187,1,All,All,1/1/2019,Present,0.06657965,0.06648688,0.00001044,0.00008233,,,0.01885,,,,GHG Protocol 2011-2017
UNITED STATES - SOUTH CAROLINA,GHG,Bus,All,All,1.4187,1,All,All,1/1/2019,Present,0.06657965,0.06648688,0.00001044,0.00008233,,,0.01885,,,,GHG Protocol 2011-2017
UNITED STATES - SOUTH DAKOTA,GHG,Bus,All,All,1.4187,1,All,All,1/1/2019,Present,0.06657965,0.06648688,0.00001044,0.00008233,,,0.02868,,,,GHG Protocol 2011-2017
UNITED STATES - TENNESSEE,GHG,Bus,All,All,1.4187,1,All,All,1/1/2019,Present,0.06657965,0.06648688,0.00001044,0.00008233,,,0.02868,,,,GHG Protocol 2011-2017
UNITED STATES - TEXAS,GHG,Bus,All,All,1.4187,1,All,All,1/1/2019,Present,0.06657965,0.06648688,0.00001044,0.00008233,,,0.02868,,,,GHG Protocol 2011-2017
UNITED STATES - UTAH,GHG,Bus,All,All,1.4187,1,All,All,1/1/2019,Present,0.06657965,0.06648688,0.00001044,0.00008233,,,0.02868,,,,GHG Protocol 2011-2017
UNITED STATES - VERMONT,GHG,Bus,All,All,1.4187,1,All,All,1/1/2019,Present,0.06657965,0.06648688,0.00001044,0.00008233,,,0.032941364,,,,GHG Protocol 2011-2017
UNITED STATES - VIRGINIA,GHG,Bus,All,All,1.4187,1,All,All,1/1/2019,Present,0.06657965,0.06648688,0.00001044,0.00008233,,,0.03451465,,,,GHG Protocol 2011-2017
UNITED STATES - WASHINGTON,GHG,Bus,All,All,1.4187,1,All,All,1/1/2019,Present,0.06657965,0.06648688,0.00001044,0.00008233,,,0.036087937,,,,GHG Protocol 2011-2017
UNITED STATES - WEST VIRGINIA,GHG,Bus,All,All,1.4187,1,All,All,1/1/2019,Present,0.06657965,0.06648688,0.00001044,0.00008233,,,0.037661224,,,,GHG Protocol 2011-2017
UNITED STATES - WISCONSIN,GHG,Bus,All,All,1.4187,1,All,All,1/1/2019,Present,0.06657965,0.06648688,0.00001044,0.00008233,,,0.00646,,,,GHG Protocol 2011-2017
UNITED STATES - WYOMING,GHG,Bus,All,All,1.4187,1,All,All,1/1/2019,Present,0.06657965,0.06648688,0.00001044,0.00008233,,,0.00646,,,,GHG Protocol 2011-2017
URUGUAY,GHG,Bus,All,All,1.4187,1,All,All,1/1/2019,Present,0.06657965,0.06648688,0.00001044,0.00008233,,,0.02494,,,,GHG Protocol 2011-2017
UZBEKISTAN,GHG,Bus,All,All,1.4187,1,All,All,1/1/2019,Present,0.06657965,0.06648688,0.00001044,0.00008233,,,0.02494,,,,GHG Protocol 2011-2017
"VENEZUELA, BOLIVARIAN REPUBLIC OF",GHG,Bus,All,All,1.4187,1,All,All,1/1/2019,Present,0.06657965,0.06648688,0.00001044,0.00008233,,,0.02868,,,,GHG Protocol 2011-2017
VIET NAM,GHG,Bus,All,All,1.4187,1,All,All,1/1/2019,Present,0.06657965,0.06648688,0.00001044,0.00008233,,,0.02868,,,,GHG Protocol 2011-2017
WORLD,GHG,Bus,All,All,1.4187,1,All,All,1/1/2019,Present,0.06657965,0.06648688,0.00001044,0.00008233,,,0.01885,,,,GHG Protocol 2011-2017
YEMEN,GHG,Bus,All,All,1.4187,1,All,All,1/1/2019,Present,0.06657965,0.06648688,0.00001044,0.00008233,,,0.01885,,,,GHG Protocol 2011-2017
ZAMBIA,GHG,Bus,All,All,1.4187,1,All,All,1/1/2019,Present,0.06657965,0.06648688,0.00001044,0.00008233,,,0.02868,,,,GHG Protocol 2011-2017
ZIMBABWE,GHG,Bus,All,All,1.4187,1,All,All,1/1/2019,Present,0.06657965,0.06648688,0.00001044,0.00008233,,,0.02868,,,,GHG Protocol 2011-2017
UNITED KINGDOM,GHG,Bus,Coach,All,1.4187,1,All,All,9/1/2011,Present,0.03000561,0.03,0.00000381,0.0000018,,,0.02868,,,,GHG Protocol 2011-2017
UNITED KINGDOM,GHG,Bus,Local,All,1.4187,1,All,All,9/1/2011,Present,0.15727362,0.15726,0.00000952,0.0000041,,,0.02868,,,,GHG Protocol 2011-2017
UNITED KINGDOM,GHG,Bus,Unknown,All,1.4187,1,All,All,9/1/2011,Present,0.13395092,0.13394,0.00000762,0.0000033,,,0.032941364,,,,GHG Protocol 2011-2017
