﻿TrasportMode,TravelledCountry,Applicable From,TravelledDate,Units,Emissions Factor kgCO2e
Hotel,AFGHANISTAN,1/1/2021,20211231,night,44.4
Hotel,ALAND ISLANDS,1/1/2022,Present,night,38.8
Hotel,ALBANIA,1/1/2021,20211231,night,44.4
Hotel,ALGERIA,1/1/2022,Present,night,38.8
Hotel,AMERICAN SAMOA,1/1/2021,20211231,night,44.4
Hotel,ANDORRA,1/1/2022,Present,night,38.8
Hotel,ANGOLA,1/1/2021,20211231,night,44.4
Hotel,ANGUILLA,1/1/2022,Present,night,38.8
Hotel,ANTARCTICA,1/1/2021,20211231,night,44.4
Hotel,ANTIGUA AND BARBUDA,1/1/2022,Present,night,38.8
Hotel,ARGENTINA,1/1/2021,20211231,night,44.4
Hotel,ARMENIA,1/1/2022,Present,night,38.8
Hotel,ARUBA,1/1/2021,20211231,night,44.4
Hotel,AUSTRALIA,1/1/2022,Present,night,38.8
Hotel,AUSTRIA,1/1/2020,Present,night,61.1
Hotel,AZERBAIJAN,1/1/2021,20211231,night,44.4
Hotel,BAHAMAS,1/1/2022,Present,night,38.8
Hotel,BAHRAIN,1/1/2020,Present,night,61.1
Hotel,BANGLADESH,1/1/2021,Present,night,56
Hotel,BARBADOS,1/1/2021,20211231,night,44.4
Hotel,BELARUS,1/1/2022,Present,night,38.8
Hotel,BELGIUM,1/1/2020,Present,night,61.1
Hotel,BELIZE,1/1/2021,20211231,night,42.6
Hotel,BENIN,1/1/2022,Present,night,35
Hotel,BERMUDA,1/1/2021,Present,night,13.9
Hotel,BHUTAN,1/1/2021,20211231,night,44.4
Hotel,"BOLIVIA, PLURINATIONAL STATE OF",1/1/2022,Present,night,38.8
Hotel,"BONAIRE, SINT EUSTATIUS AND SABA",1/1/2020,Present,night,61.1
Hotel,BOSNIA AND HERZEGOVINA,1/1/2021,20211231,night,44.4
Hotel,BOTSWANA,1/1/2022,Present,night,38.8
Hotel,BOUVET ISLAND,1/1/2021,20211231,night,44.4
Hotel,BRAZIL,1/1/2022,Present,night,38.8
Hotel,BRITISH INDIAN OCEAN TERRITORY,1/1/2020,Present,night,61.1
Hotel,BRUNEI DARUSSALAM,1/1/2021,20211231,night,44.4
Hotel,BULGARIA,1/1/2022,Present,night,38.8
Hotel,BURKINA FASO,1/1/2021,20211231,night,10.9
Hotel,BURUNDI,1/1/2022,Present,night,12.2
Hotel,CAMBODIA,1/1/2021,20211231,night,44.4
Hotel,CAMEROON,1/1/2022,Present,night,38.8
Hotel,CANADA,1/1/2021,20211231,night,44.4
Hotel,CAPE VERDE,1/1/2022,Present,night,38.8
Hotel,CARIBBEAN REGION,1/1/2021,20211231,night,44.4
Hotel,CAYMAN ISLANDS,1/1/2022,Present,night,38.8
Hotel,CENTRAL AFRICAN REPUBLIC,1/1/2021,20211231,night,44.4
Hotel,CHAD,1/1/2022,Present,night,38.8
Hotel,CHILE,1/1/2021,20211231,night,44.4
Hotel,CHINA,1/1/2022,Present,night,38.8
Hotel,CHRISTMAS ISLAND,1/1/2020,Present,night,61.1
Hotel,COCOS (KEELING) ISLANDS,1/1/2021,20211231,night,44.4
Hotel,COLOMBIA,1/1/2022,Present,night,38.8
Hotel,COMOROS,1/1/2021,20211231,night,44.4
Hotel,CONGO,1/1/2022,Present,night,38.8
Hotel,"CONGO, THE DEMOCRATIC REPUBLIC OF THE",1/1/2021,20211231,night,44.4
Hotel,COOK ISLANDS,1/1/2022,Present,night,38.8
Hotel,COSTA RICA,1/1/2021,20211231,night,12.3
Hotel,CÔTE D'IVOIRE,1/1/2022,Present,night,8.7
Hotel,CROATIA,1/1/2021,20211231,night,44.4
Hotel,CUBA,1/1/2022,Present,night,38.8
Hotel,CURACAO,1/1/2021,20211231,night,44.4
Hotel,CYPRUS,1/1/2022,Present,night,38.8
Hotel,CZECH REPUBLIC,1/1/2021,20211231,night,44.4
Hotel,DENMARK,1/1/2022,Present,night,38.8
Hotel,DJIBOUTI,1/1/2021,20211231,night,44.4
Hotel,DOMINICA,1/1/2022,Present,night,38.8
Hotel,DOMINICAN REPUBLIC,1/1/2021,20211231,night,44.4
Hotel,ECUADOR,1/1/2022,Present,night,38.8
Hotel,EGYPT,1/1/2021,20211231,night,44.4
Hotel,EL SALVADOR,1/1/2022,Present,night,38.8
Hotel,ENGLAND,1/1/2022,Present,night,38.8
Hotel,EQUATORIAL GUINEA,1/1/2021,20211231,night,44.4
Hotel,ERITREA,1/1/2022,Present,night,38.8
Hotel,ESTONIA,1/1/2021,20211231,night,16.1
Hotel,ETHIOPIA,1/1/2022,Present,night,7.4
Hotel,FALKLAND ISLANDS (MALVINAS),1/1/2021,20211231,night,44.4
Hotel,FAROE ISLANDS,1/1/2022,Present,night,38.8
Hotel,FIJI,1/1/2020,Present,night,61.1
Hotel,FINLAND,1/1/2020,Present,night,61.1
Hotel,FRANCE,1/1/2021,20211231,night,44.4
Hotel,FRENCH GUIANA,1/1/2022,Present,night,38.8
Hotel,FRENCH POLYNESIA,1/1/2021,20211231,night,44.4
Hotel,FRENCH SOUTHERN TERRITORIES,1/1/2022,Present,night,38.8
Hotel,GABON,1/1/2021,20211231,night,30.5
Hotel,GAMBIA,1/1/2022,Present,night,27.6
Hotel,GEORGIA,1/1/2021,20211231,night,62.9
Hotel,GERMANY,1/1/2022,Present,night,53.5
Hotel,GERMANY (NORTHERN),1/1/2021,20211231,night,44.4
Hotel,GERMANY (SOUTHERN),1/1/2022,Present,night,38.8
Hotel,GHANA,1/1/2021,20211231,night,44.4
Hotel,GIBRALTAR,1/1/2022,Present,night,38.8
Hotel,GREECE,1/1/2021,20211231,night,13.5
Hotel,GREENLAND,1/1/2022,Present,night,14.7
Hotel,GRENADA,1/1/2021,20211231,night,44.4
Hotel,GUADELOUPE,1/1/2022,Present,night,38.8
Hotel,GUAM,1/1/2021,20211231,night,44.4
Hotel,GUATEMALA,1/1/2022,Present,night,38.8
Hotel,GUERNSEY,1/1/2021,20211231,night,44.4
Hotel,GUINEA,1/1/2022,Present,night,38.8
Hotel,GUINEA-BISSAU,1/1/2021,20211231,night,44.4
Hotel,GUYANA,1/1/2022,Present,night,38.8
Hotel,HAITI,1/1/2021,20211231,night,7.5
Hotel,HEARD ISLAND AND MCDONALD ISLANDS,1/1/2022,Present,night,4.7
Hotel,HOLY SEE (VATICAN CITY STATE),1/1/2021,20211231,night,44.4
Hotel,HONDURAS,1/1/2022,Present,night,38.8
Hotel,HONG KONG,1/1/2021,20211231,night,44.4
Hotel,HUNGARY,1/1/2022,Present,night,38.8
Hotel,ICELAND,1/1/2020,Present,night,61.1
Hotel,INDIA,1/1/2020,Present,night,61.1
Hotel,INDONESIA,1/1/2021,20211231,night,44.4
Hotel,"IRAN, ISLAMIC REPUBLIC OF",1/1/2022,Present,night,38.8
Hotel,IRAQ,1/1/2021,Present,night,36.2
Hotel,IRELAND,1/1/2021,20211231,night,44.4
Hotel,ISLE OF MAN,1/1/2022,Present,night,38.8
Hotel,ISRAEL,1/1/2021,20211231,night,44.4
Hotel,ITALY,1/1/2022,Present,night,38.8
Hotel,JAMAICA,1/1/2020,Present,night,61.1
Hotel,JAPAN,1/1/2020,Present,night,61.1
Hotel,JERSEY,1/1/2021,20211231,night,44.4
Hotel,JORDAN,1/1/2022,Present,night,38.8
Hotel,KAZAKHSTAN,1/1/2021,20211231,night,56.5
Hotel,KENYA,1/1/2022,Present,night,44.2
Hotel,KIRIBATI,1/1/2021,20211231,night,44.4
Hotel,"KOREA, DEMOCRATIC PEOPLE'S REPUBLIC OF",1/1/2022,Present,night,38.8
Hotel,"KOREA, REPUBLIC OF",1/1/2021,20211231,night,44.4
Hotel,KUWAIT,1/1/2022,Present,night,38.8
Hotel,KYRGYZSTAN,1/1/2021,20211231,night,44.4
Hotel,LAO PEOPLE'S DEMOCRATIC REPUBLIC,1/1/2022,Present,night,38.8
Hotel,LATVIA,1/1/2021,20211231,night,44.4
Hotel,LEBANON,1/1/2022,Present,night,38.8
Hotel,LESOTHO,1/1/2021,20211231,night,44.4
Hotel,LIBERIA,1/1/2022,Present,night,38.8
Hotel,LIBYA,1/1/2021,20211231,night,44.4
Hotel,LIECHTENSTEIN,1/1/2022,Present,night,38.8
Hotel,LITHUANIA,1/1/2021,20211231,night,44.4
Hotel,LUXEMBOURG,1/1/2022,Present,night,38.8
Hotel,MACAO,1/1/2021,Present,night,47.8
Hotel,"MACEDONIA, THE FORMER YUGOSLAV REPUBLIC OF",1/1/2020,Present,night,11.8
Hotel,MADAGASCAR,1/1/2021,20211231,night,6.5
Hotel,MALAWI,1/1/2022,Present,night,6.7
Hotel,MALAYSIA,1/1/2021,20211231,night,44.4
Hotel,MALDIVES,1/1/2022,Present,night,38.8
Hotel,MALI,1/1/2020,Present,night,73
Hotel,MALTA,1/1/2021,20211231,night,44.4
Hotel,MARSHALL ISLANDS,1/1/2022,Present,night,38.8
Hotel,MARTINIQUE,1/1/2021,20211231,night,44.4
Hotel,MAURITANIA,1/1/2022,Present,night,38.8
Hotel,MAURITIUS,1/1/2021,20211231,night,44.4
Hotel,MAYOTTE,1/1/2022,Present,night,38.8
Hotel,MEXICO,1/1/2021,20211231,night,44.4
Hotel,"MICRONESIA, FEDERATED STATES OF",1/1/2022,Present,night,38.8
Hotel,"MOLDOVA, REPUBLIC OF",1/1/2021,20211231,night,17
Hotel,MONACO,1/1/2022,Present,night,13.2
Hotel,MONGOLIA,1/1/2021,20211231,night,17
Hotel,MONTENEGRO,1/1/2022,Present,night,13.2
Hotel,MONTSERRAT,1/1/2021,20211231,night,17
Hotel,MOROCCO,1/1/2022,Present,night,13.2
Hotel,MOZAMBIQUE,1/1/2021,20211231,night,44.4
Hotel,MYANMAR,1/1/2022,Present,night,38.8
Hotel,NAMIBIA,1/1/2021,20211231,night,44.4
Hotel,NAURU,1/1/2022,Present,night,38.8
Hotel,NEPAL,1/1/2021,Present,night,43
Hotel,NETHERLANDS,1/1/2021,20211231,night,44.4
Hotel,NEW CALEDONIA,1/1/2022,Present,night,38.8
Hotel,NEW ZEALAND,1/1/2020,Present,night,61.1
Hotel,NICARAGUA,1/1/2020,Present,night,61.1
Hotel,NIGER,1/1/2021,20211231,night,44.4
Hotel,NIGERIA,1/1/2022,Present,night,38.8
Hotel,NIUE,1/1/2021,20211231,night,44.4
Hotel,NORFOLK ISLAND,1/1/2022,Present,night,38.8
Hotel,NORTHERN MARIANA ISLANDS,1/1/2021,20211231,night,44.4
Hotel,NORWAY,1/1/2022,Present,night,38.8
Hotel,OMAN,1/1/2021,20211231,night,44.4
Hotel,PAKISTAN,1/1/2022,Present,night,38.8
Hotel,PALAU,1/1/2021,20211231,night,44.4
Hotel,"PALESTINIAN TERRITORY, OCCUPIED",1/1/2022,Present,night,38.8
Hotel,PANAMA,1/1/2021,20211231,night,44.4
Hotel,PAPUA NEW GUINEA,1/1/2022,Present,night,38.8
Hotel,PARAGUAY,1/1/2020,Present,night,61.1
Hotel,PERU,1/1/2021,20211231,night,44.4
Hotel,PHILIPPINES,1/1/2022,Present,night,38.8
Hotel,PITCAIRN,1/1/2021,20211231,night,44.4
Hotel,POLAND,1/1/2022,Present,night,38.8
Hotel,PORTUGAL,1/1/2021,20211231,night,44.4
Hotel,PUERTO RICO,1/1/2022,Present,night,38.8
Hotel,QATAR,1/1/2021,20211231,night,65.9
Hotel,REUNION,1/1/2022,Present,night,51.5
Hotel,ROMANIA,1/1/2021,20211231,night,44.4
Hotel,RUSSIAN FEDERATION,1/1/2022,Present,night,38.8
Hotel,RWANDA,1/1/2021,20211231,night,44.4
Hotel,SAINT BARTHELEMY,1/1/2022,Present,night,38.8
Hotel,"SAINT HELENA, ASCENSION AND TRISTAN DA CUNHA",1/1/2021,20211231,night,75.5
Hotel,SAINT KITTS AND NEVIS,1/1/2022,Present,night,58.9
Hotel,SAINT LUCIA,1/1/2021,20211231,night,89.1
Hotel,SAINT MARTIN (FRENCH PART),1/1/2022,Present,night,62.7
Hotel,SAINT PIERRE AND MIQUELON,1/1/2021,20211231,night,44.4
Hotel,SAINT VINCENT AND THE GRENADINES,1/1/2022,Present,night,38.8
Hotel,SAMOA,1/1/2021,20211231,night,44.4
Hotel,SAN MARINO,1/1/2022,Present,night,38.8
Hotel,SAO TOME AND PRINCIPE,1/1/2021,Present,night,25
Hotel,SAUDI ARABIA,1/1/2021,20211231,night,44.4
Hotel,SENEGAL,1/1/2022,Present,night,38.8
Hotel,SERBIA,1/1/2021,Present,night,54
Hotel,SEYCHELLES,1/1/2021,20211231,night,20.2
Hotel,SIERRA LEONE,1/1/2022,Present,night,14.3
Hotel,SINGAPORE,1/1/2020,Present,night,61.1
Hotel,SINT MAARTEN (DUTCH PART),1/1/2021,20211231,night,60.6
Hotel,SLOVAKIA,1/1/2022,Present,night,39
Hotel,SLOVENIA,1/1/2021,20211231,night,44.4
Hotel,SOLOMON ISLANDS,1/1/2022,Present,night,38.8
Hotel,SOMALIA,1/1/2021,20211231,night,62.4
Hotel,SOUTH AFRICA,1/1/2022,Present,night,68.9
Hotel,SOUTH GEORGIA AND THE SOUTH SANDWICH ISLANDS,1/1/2021,20211231,night,44.4
Hotel,SOUTH SUDAN,1/1/2022,Present,night,38.8
Hotel,SPAIN,1/1/2021,20211231,night,44.4
Hotel,SRI LANKA,1/1/2022,Present,night,38.8
Hotel,SUDAN,1/1/2021,20211231,night,44.4
Hotel,SURINAME,1/1/2022,Present,night,38.8
Hotel,SVALBARD AND JAN MAYEN,1/1/2021,20211231,night,44.4
Hotel,SWAZILAND,1/1/2022,Present,night,38.8
Hotel,SWEDEN,1/1/2021,20211231,night,61.2
Hotel,SWITZERLAND,1/1/2022,Present,night,55.8
Hotel,SYRIAN ARAB REPUBLIC ,1/1/2021,20211231,night,44.4
Hotel,"TAIWAN, PROVINCE OF CHINA",1/1/2022,Present,night,38.8
Hotel,TAJIKISTAN,1/1/2021,20211231,night,44.4
Hotel,"TANZANIA, UNITED REPUBLIC OF",1/1/2022,Present,night,38.8
Hotel,THAILAND,1/1/2021,20211231,night,44.4
Hotel,TIMOR-LESTE,1/1/2022,Present,night,38.8
Hotel,TOGO,1/1/2021,20211231,night,44.4
Hotel,TOKELAU,1/1/2022,Present,night,38.8
Hotel,TONGA,1/1/2021,20211231,night,44.4
Hotel,TRINIDAD AND TOBAGO,1/1/2022,Present,night,38.8
Hotel,TUNISIA,1/1/2021,20211231,night,44.4
Hotel,TURKEY,1/1/2022,Present,night,38.8
Hotel,TURKMENISTAN,1/1/2021,20211231,night,44.4
Hotel,TURKS AND CAICOS ISLANDS,1/1/2022,Present,night,38.8
Hotel,TUVALU,1/1/2021,20211231,night,44.4
Hotel,UGANDA,1/1/2022,Present,night,38.8
Hotel,UKRAINE,1/1/2021,20211231,night,44.4
Hotel,UK,1/1/2021,20211231,night,44.4
Hotel,UNITED ARAB EMIRATES,1/1/2022,Present,night,38.8
Hotel,UNITED KINGDOM,1/1/2021,20211231,night,44.4
Hotel,UNITED KINGDOM (EXC LONDON),1/1/2022,Present,night,38.8
Hotel,UNITED KINGDOM (LONDON),1/1/2021,20211231,night,44.4
Hotel,USA,1/1/2022,Present,night,38.8
Hotel,UNITED STATES MINOR OUTLYING ISLANDS,1/1/2021,Present,night,75.6
Hotel,UNKNOWN,1/1/2021,20211231,night,44.4
Hotel,URUGUAY,1/1/2022,Present,night,38.8
Hotel,UZBEKISTAN,1/1/2021,20211231,night,44.4
Hotel,VANUATU,1/1/2022,Present,night,38.8
Hotel,"VENEZUELA, BOLIVARIAN REPUBLIC OF",1/1/2021,20211231,night,44.4
Hotel,VIETNAM,1/1/2022,Present,night,38.8
Hotel,"VIRGIN ISLANDS, BRITISH",1/1/2021,20211231,night,83
Hotel,"VIRGIN ISLANDS, U.S.",1/1/2022,Present,night,61.5
Hotel,WALLIS AND FUTUNA,1/1/2021,20211231,night,183.3
Hotel,WESTERN SAHARA,1/1/2022,Present,night,152.2
Hotel,YEMEN,1/1/2021,20211231,night,44.4
Hotel,ZAMBIA,1/1/2022,Present,night,38.8
Hotel,ZIMBABWE,1/1/2021,20211231,night,44.4
