﻿Methodology Reference,TrasportMode,VehicleSubCategory,VersionOrClass,Ef for fuels kgCO2e/L,Applicable From,Applicable To,Uplift Factor,Emission(kg/km),Emissions Factor (kgCO2pkm-1),Emissions Factor (kgCH4pkm-1),Emissions Factor (kgN2Opkm-1),EEIO ef,Supply Chain Emissions Factor (kgCO2epkm-1),Emissions factor source
Defra,Flight,International,Average,,1/1/2021,Present,1,0.09708,0.09616,0.00001,0.00091,0.176,0.02011,Defra 2021-2022
Defra,Flight,International,Business,,1/1/2021,Present,1,0.2156,0.21357,0.00001,0.00202,0.176,0.04466,Defra 2021-2022
Defra,Flight,International,Business Class,,1/1/2021,Present,1,0.2156,0.21357,0.00001,0.00202,0.176,0.04466,Defra 2021-2022
Defra,Flight,International,Coach,,1/1/2021,Present,1,0.074345,0.07364,0.000005,0.0007,0.176,0.0154,Defra 2021-2022
Defra,Flight,International,Economy,,1/1/2021,Present,1,0.074345,0.07364,0.000005,0.0007,0.176,0.0154,Defra 2021-2022
Defra,Flight,International,First,,1/1/2021,Present,1,0.29739,0.29458,0.00002,0.00279,0.176,0.06159,Defra 2021-2022
Defra,Flight,International,First Class,,1/1/2021,Present,1,0.29739,0.29458,0.00002,0.00279,0.176,0.06159,Defra 2021-2022
Defra,Flight,International,Premium,,1/1/2021,Present,1,0.11895,0.11783,0.00001,0.00111,0.176,0.02464,Defra 2021-2022
Defra,Flight,International,Premium Economy,,1/1/2021,Present,1,0.11895,0.11783,0.00001,0.00111,0.176,0.02464,Defra 2021-2022
Defra,Flight,International,Unknown,,1/1/2021,Present,1,0.09708,0.09616,0.00001,0.00091,0.176,0.02011,Defra 2021-2022
Defra,Flight,Long Haul,Average,,1/1/2021,Present,1,0.10208,0.10111,0.00001,0.00096,0.153,0.02114,Defra 2021-2022
Defra,Flight,Long Haul,Business,,1/1/2021,Present,1,0.22671,0.22457,0.00002,0.00212,0.153,0.04696,Defra 2021-2022
Defra,Flight,Long Haul,Business Class,,1/1/2021,Present,1,0.22671,0.22457,0.00002,0.00212,0.153,0.04696,Defra 2021-2022
Defra,Flight,Long Haul,Coach,,1/1/2021,Present,1,0.07818,0.07744,0.00001,0.00073,0.153,0.01619,Defra 2021-2022
Defra,Flight,Long Haul,Economy,,1/1/2021,Present,1,0.07818,0.07744,0.00001,0.00073,0.153,0.01619,Defra 2021-2022
Defra,Flight,Long Haul,First,,1/1/2021,Present,1,0.3127,0.30975,0.00002,0.00293,0.153,0.06477,Defra 2021-2022
Defra,Flight,Long Haul,First Class,,1/1/2021,Present,1,0.3127,0.30975,0.00002,0.00293,0.153,0.06477,Defra 2021-2022
Defra,Flight,Long Haul,Premium,,1/1/2021,Present,1,0.12508,0.1239,0.00001,0.00117,0.153,0.02591,Defra 2021-2022
Defra,Flight,Long Haul,Premium Economy,,1/1/2021,Present,1,0.12508,0.1239,0.00001,0.00117,0.153,0.02591,Defra 2021-2022
Defra,Flight,Long Haul,Unknown,,1/1/2021,Present,1,0.10208,0.10111,0.00001,0.00096,0.153,0.02114,Defra 2021-2022
Defra,Flight,Medium Haul,Average,,1/1/2021,Present,1,0.08117,0.0804,0.00001,0.00076,0.132,0.01681,Defra 2021-2022
Defra,Flight,Medium Haul,Business,,1/1/2021,Present,1,0.11976,0.11863,0.00001,0.00112,0.132,0.0248,Defra 2021-2022
Defra,Flight,Medium Haul,Business Class,,1/1/2021,Present,1,0.11976,0.11863,0.00001,0.00112,0.132,0.0248,Defra 2021-2022
Defra,Flight,Medium Haul,Coach,,1/1/2021,Present,1,0.07984,0.07908,0.00001,0.00075,0.132,0.01654,Defra 2021-2022
Defra,Flight,Medium Haul,Economy,,1/1/2021,Present,1,0.07984,0.07908,0.00001,0.00075,0.132,0.01654,Defra 2021-2022
Defra,Flight,Medium Haul,First,,1/1/2021,Present,1,0.11976,0.11863,0.00001,0.00112,0.132,0.0248,Defra 2021-2022
Defra,Flight,Medium Haul,First Class,,1/1/2021,Present,1,0.11976,0.11863,0.00001,0.00112,0.132,0.0248,Defra 2021-2022
Defra,Flight,Medium Haul,Premium,,1/1/2021,Present,1,0.11976,0.11863,0.00001,0.00112,0.132,0.0248,Defra 2021-2022
Defra,Flight,Medium Haul,Premium Economy,,1/1/2021,Present,1,0.11976,0.11863,0.00001,0.00112,0.132,0.0248,Defra 2021-2022
Defra,Flight,Medium Haul,Unknown,,1/1/2021,Present,1,0.08117,0.0804,0.00001,0.00076,0.132,0.01681,Defra 2021-2022
Defra,Flight,Short Haul,Average,,1/1/2021,Present,1,0.13003,0.12871,0.0001,0.00122,0.118,0.02691,Defra 2021-2022
Defra,Flight,Short Haul,Business,,1/1/2021,Present,1,0.13003,0.12871,0.0001,0.00122,0.118,0.02691,Defra 2021-2022
Defra,Flight,Short Haul,Business Class,,1/1/2021,Present,1,0.13003,0.12871,0.0001,0.00122,0.118,0.02691,Defra 2021-2022
Defra,Flight,Short Haul,Coach,,1/1/2021,Present,1,0.13003,0.12871,0.0001,0.00122,0.118,0.02691,Defra 2021-2022
Defra,Flight,Short Haul,Economy,,1/1/2021,Present,1,0.13003,0.12871,0.0001,0.00122,0.118,0.02691,Defra 2021-2022
Defra,Flight,Short Haul,First,,1/1/2021,Present,1,0.13003,0.12871,0.0001,0.00122,0.118,0.02691,Defra 2021-2022
Defra,Flight,Short Haul,First Class,,1/1/2021,Present,1,0.13003,0.12871,0.0001,0.00122,0.118,0.02691,Defra 2021-2022
Defra,Flight,Short Haul,Premium,,1/1/2021,Present,1,0.13003,0.12871,0.0001,0.00122,0.118,0.02691,Defra 2021-2022
Defra,Flight,Short Haul,Premium Economy,,1/1/2021,Present,1,0.13003,0.12871,0.0001,0.00122,0.118,0.02691,Defra 2021-2022
Defra,Flight,Short Haul,Unknown,,1/1/2021,Present,1,0.13003,0.12871,0.0001,0.00122,0.118,0.02691,Defra 2021-2022
Defra,International Rail,,,,1/1/2021,Present,,0.00446,0.00441,0.00002,0.00003,0.096,0.00116,Defra 2021-2022
Defra,Light Rail,,,,1/1/2021,Present,,0.02861,0.02832,0.00011,0.00018,0.0874,0.00745,Defra 2021-2022
Defra,Light Rail and Tram,,,,1/1/2021,Present,,0.02861,0.02832,0.00011,0.00018,0.0798,0.00745,Defra 2021-2022
Defra,National Rail,,,,1/1/2021,Present,,0.03549,0.0351,0.00007,0.00032,0.0769,0.00892,Defra 2021-2022
Defra,Subways,,,,1/1/2021,Present,,0.02781,0.02753,0.0001,0.00018,0.0712,0.00724,Defra 2021-2022
Defra,Train,,,,1/1/2021,Present,,0.03549,0.0351,0.00007,0.00032,0.0754,0.00892,Defra 2021-2022
Defra,Tram,,,,1/1/2021,Present,,0.02861,0.02832,0.00011,0.00018,0.0654,0.00745,Defra 2021-2022
