"EmployeeName","EmployeeID","WorkRegion","OrganisationName","Role"
"THOTHATRI","705021","INDIA","SOPRA STERIA","SOFTWARE ENGINEER"
"JOHN","65234","UK","DEUTSCHE BANK","SCRUM MASTER"
"MICHEAL","951203","FRANCE","DEUTSCHE BANK","SOFTWARE ENGINEER"
"PETER","259631","GERMANY","SOPRA STERIA","MANAGER"
"JACOBS","548623","GERMANY","JP MORGAN","DELIVERY HEAD"
"KAMAL","486251","GERMANY","MORGAN STANLEY","SOFTWARE ENGINEER"
"KUNAL","368425","GERMANY","DEUTSCHE BANK","DELIVERY PARTNER"
"SAHIL","962485","UK","JP MORGAN","SOFTWARE ENGINEER"
"KARTIK","157639","FRANCE","SOPRA STERIA","SCRUM MASTER"
ARIE JERAMS,22-7786174,GUATEMALA,EINTI,NUCLEAR POWER ENGINEER
CHRYSTAL CULVERHOUSE,19-9953970,GERMANY,AILANE,VP MARKETING
STARLA MESSINGHAM,64-5589222,CHINA,OLOO,STAFF SCIENTIST
KIZZIE EYMOR,43-1816255,CHINA,BLOGPAD,QUALITY CONTROL SPECIALIST
NICOLE COALE,73-3292197,BELARUS,SKILITH,SENIOR EDITOR
SHERYL CHESNAY,66-0317354,CHINA,LIVETUBE,SOFTWARE ENGINEER III
ITCH ANGELL,52-5843110,FRANCE,YODOO,SENIOR QUALITY ENGINEER
DEANE LATEK,74-9934428,CHINA,EIMBEE,NURSE
KIMBERLEE EMANULSSON,03-4642353,FRANCE,EIDEL,CHIEF DESIGN ENGINEER
CLARETTE PATSHULL,28-5765335,PORTUGAL,EIDEL,DATA COORDIATOR
AILA GINNALLY,40-1077126,CHINA,KWIMBEE,STAFF SCIENTIST
ALLYSON RIBY,77-6023506,PHILIPPINES,VIDOO,NURSE PRACTICIONER
ASHBY DUESBURY,64-9380064,RUSSIA,SKIPPAD,SALES REPRESENTATIVE
MORT FYERS,73-8130966,SERBIA,JETPULSE,NURSE
GERTRUDIS PINKETT,17-6810750,INDONESIA,SKYNDU,ACCOUNTING ASSISTANT II
TRAVUS BRENNON,87-9304700,COLOMBIA,DEVCAST,HUMAN RESOURCES ASSISTANT II
CODIE BIBEY,71-4010525,ARGENTINA,ZOONOODLE,CHIEF DESIGN ENGINEER
CYBILL BAVERSOR,15-1052393,CHINA,VITZ,COMMUNITY OUTREACH SPECIALIST
SAUNDERS DIAMENT,27-1460552,UGANDA,JAZZY,OPERATOR
GERRIE FOLLING,61-0658939,BRAZIL,MIBOO,ASSISTANT MEDIA PLANNER
BENDICK GERALD,22-4563550,CHINA,TRILITH,ACCOUNT COORDINATOR
VIKI KALINSKY,15-8075907,POLAND,TEKLIST,QUALITY CONTROL SPECIALIST
LORELLE GORSSE,83-5142787,NIGERIA,MEEMBEE,SYSTEMS ADMINISTRATOR IV
SIB SPOTTISWOODE,53-9433028,UNITED STATES,EADEL,STAFF ACCOUNTANT II
EWEN CORDELET,68-5138387,CHINA,JALOO,SALES ASSOCIATE
FLEUR REVETT,65-3913669,CHINA,FEEDFISH,EDITOR
CLEMENCE ALISHONER,45-3545856,UNITED STATES,DEMIZZ,HELP DESK OPERATOR
BAT MCCORMACK,79-3473029,PORTUGAL,ROOMBO,RESEARCH ASSOCIATE
VINCENTS CONELLY,79-7210267,FRANCE,KATZ,QUALITY CONTROL SPECIALIST
BRUCE SHRUBSHALL,77-0875492,INDONESIA,RHYNOODLE,NUCLEAR POWER ENGINEER
ASHLIE STERRICK,74-9708789,COLOMBIA,JAYO,EDITOR
KAYE GLASON,79-9584721,INDONESIA,LIVETUBE,SOFTWARE ENGINEER I
VIOLETTA GENTREAU,55-9763622,RUSSIA,MYNTE,ASSISTANT MANAGER
EUGEN PHILIPSSON,47-1265570,PHILIPPINES,MEEDOO,STRUCTURAL ANALYSIS ENGINEER
SILVIA MINGAULD,87-4414168,BELARUS,JALOO,VP QUALITY CONTROL
GLENINE TIDCOMBE,61-8414188,CHINA,QUATZ,ACCOUNT COORDINATOR
MAXINE FLETHAM,84-8567285,JAPAN,TRUPE,GEOLOGICAL ENGINEER
BRONNIE GRIBBINS,32-1803397,CHINA,DABVINE,ACCOUNT EXECUTIVE
ADRIA POUNSETT,04-7538771,CHINA,DIVAVU,BUSINESS SYSTEMS DEVELOPMENT ANALYST
LEDA CALDOW,60-3861139,UNITED STATES,SKYBA,ACCOUNT COORDINATOR
BERK BYRCHER,37-6469111,UNITED STATES,PIXONYX,ANALYST PROGRAMMER
TAMMIE LARCIERE,51-5554521,CHINA,MEEVEE,ANALYST PROGRAMMER
IRITA GRELLIER,68-5473378,CANADA,KATZ,MARKETING ASSISTANT
HERMINIA OREHEAD,41-3598223,PALAU,TOPICWARE,ACCOUNTANT IV
MAIGA CAMPION,00-9610897,INDONESIA,EIDEL,SENIOR EDITOR
TRISH EPPLE,69-1300345,UKRAINE,FLASHSET,COST ACCOUNTANT
KALE STEVEN,71-2151506,CHINA,SHUFFLEBEAT,QUALITY ENGINEER
KERIANNE DE ANGELO,45-3488296,PHILIPPINES,LIVETUBE,HEALTH COACH IV
CASS TEAS,61-1372353,PERU,KATZ,ASSISTANT PROFESSOR
TUCKIE SCURRELL,75-0367477,SWEDEN,DAZZLESPHERE,BUSINESS SYSTEMS DEVELOPMENT ANALYST
DATHA CODLING,05-4767007,BOLIVIA,MUXO,SENIOR DEVELOPER
EDITHE ANDRZEJCZAK,70-2720798,CZECH REPUBLIC,BLOGSPAN,STATISTICIAN III
CHRISTAN KLAUER,85-7061824,CHINA,BLOGTAGS,TECHNICAL WRITER
RIP CUTTLE,37-4555598,MEXICO,GEBA,ANALOG CIRCUIT DESIGN MANAGER
LELAND WHITTER,89-1889342,NETHERLANDS,BLOGPAD,SAFETY TECHNICIAN I
JEANIE STYLE,60-3010047,PHILIPPINES,TAGCHAT,DEVELOPER III
RIANON RIPPON,37-9207514,BRAZIL,MUDO,SPEECH PATHOLOGIST
MARTELLE LEE,20-3127832,JAPAN,GABVINE,HUMAN RESOURCES MANAGER
GERALD KERMANNES,12-7199754,INDONESIA,EDGEIFY,INTERNAL AUDITOR
ASE OVERPOOL,96-7367124,INDONESIA,WIKIDO,REGISTERED NURSE
BARBABAS LASSLETT,87-0191803,CHINA,SKAJO,ANALYST PROGRAMMER
RAWLEY PUNTER,61-9060774,CHINA,BUZZSHARE,INFORMATION SYSTEMS MANAGER
CORRINE GOODEE,75-8306939,RUSSIA,PIXOPE,NUCLEAR POWER ENGINEER
GLORI RINGER,64-6045423,SWEDEN,BUZZBEAN,SAFETY TECHNICIAN I
GRIFFITH SIBBET,32-7580692,BRAZIL,SKIPTUBE,STRUCTURAL ANALYSIS ENGINEER
SUSIE ALLENSON,84-9133121,PORTUGAL,JETPULSE,STRUCTURAL ENGINEER
GILBERT ALFORD,72-4549892,PHILIPPINES,KAMBA,SALES REPRESENTATIVE
HOLLY PARTINGTON,05-0147733,POLAND,TRUPE,MARKETING MANAGER
ARISTOTLE BENDAN,06-3982768,BOSNIA AND HERZEGOVINA,OZU,STAFF SCIENTIST
PATTI SANDILAND,13-7889523,GUATEMALA,MUXO,DESKTOP SUPPORT TECHNICIAN
SHEPPARD SPERING,28-9648773,PHILIPPINES,FLASHPOINT,ASSISTANT MEDIA PLANNER
TEMP JANSENS,63-5900384,NORWAY,BROWSEDRIVE,SYSTEMS ADMINISTRATOR II
ANDROMACHE CARWARDINE,80-7869415,CHINA,TRUDOO,HUMAN RESOURCES ASSISTANT I
ODE MAYER,76-0107610,RUSSIA,ZOOVEO,ASSISTANT PROFESSOR
JEANNIE MENURE,63-6033983,FRANCE,OMBA,CIVIL ENGINEER
SAYERS WASON,94-9645554,PORTUGAL,BLOGTAGS,ACCOUNTANT III
EWAN BOURLEY,54-6896209,UNITED STATES,BROWSEBLAB,LEGAL ASSISTANT
SARAANN THORNELOE,52-0578309,CHINA,KIMIA,SPEECH PATHOLOGIST
DANIKA CLEMO,42-4808479,INDONESIA,FLIPTUNE,ENVIRONMENTAL SPECIALIST
NORAH ROGEZ,31-1242695,INDONESIA,VIVA,PROGRAMMER II
ZARAH YELE,76-2133816,INDONESIA,PODCAT,STAFF ACCOUNTANT IV
EBA WAYCOT,21-4357890,LAOS,SKAJO,SPEECH PATHOLOGIST
ISIDORE KITTMAN,08-7103710,INDONESIA,WORDTUNE,DIRECTOR OF SALES
AUROORA GUIRARDIN,77-9747545,JAPAN,QUAXO,HUMAN RESOURCES ASSISTANT II
NOBLE PAVLISHCHEV,01-4382595,MALAYSIA,COGILITH,ANALYST PROGRAMMER
OBADIAS LUQUET,98-3017381,PHILIPPINES,THOUGHTSPHERE,SENIOR DEVELOPER
MELESSA SPELLWARD,47-0389258,CHINA,BROWSETYPE,STRUCTURAL ANALYSIS ENGINEER
HEWIE LYMER,96-5342555,CHILE,INNOZ,LEGAL ASSISTANT
ROZANNE BULPITT,80-4448015,MALAYSIA,BRIGHTBEAN,CLINICAL SPECIALIST
WYLMA SARFAS,84-8804766,UNITED STATES,ZOONOODLE,EDITOR
UMBERTO SPINIGE,40-1492468,UNITED STATES,JETPULSE,AUTOMATION SPECIALIST II
HOMERE LOINS,08-7644172,CHINA,SKIPTUBE,STATISTICIAN I
MEREDETH TINSLEY,10-6859872,CHINA,AVAMBA,RESEARCH NURSE
TRESSA CANET,06-1900177,INDONESIA,EAYO,ADMINISTRATIVE ASSISTANT I
CHEV LEMAN,43-7226410,GABON,NTAGS,PROFESSOR
CLARE CREBBIN,33-5499772,ARGENTINA,EABOX,SENIOR FINANCIAL ANALYST
BORD NELSON,15-8011243,PHILIPPINES,JAYO,RESEARCH ASSOCIATE
WHITNEY STEELY,21-5654134,NICARAGUA,FEEDFISH,DENTAL HYGIENIST
FRAN SYBE,30-4218115,LIBERIA,TEKFLY,SPEECH PATHOLOGIST
KEELBY WINSTON,02-2855067,POLAND,VOOMM,BUSINESS SYSTEMS DEVELOPMENT ANALYST
