EmployeeName,EmployeeID,OrganisationName,WorkRegion,TravelledCountry,TravelledDate,WentWithGroup,NoOfEmployeesInGroup
THOTHATRI,705021,SOPRA STERIA,INDIA,CANADA,20230130,N,
JOHN,65234,DEUTSCHE BANK,UK,USA,20221215,Y,10
MICHEAL,951203,DEUTSCHE BANK,FRANCE,ENGLAND,20221123,N,
PETER,259631,SOPRA STERIA,GERMANY,AUSTRALIA,20210829,Y,14
JACOBS,548623,JP MORGAN,GERMANY,NEW ZEALAND,20190506,Y,6
KAMAL,486251,MORGAN STANLEY,GERMANY,USA,20191105,N,
KUNAL,368425,DEUTSCHE BANK,GERMANY,CANADA,20180330,Y,7
SAHIL,962485,JP MORGAN,UK,GERMANY,20190609,Y,23
KARTIK,157639,SOPRA STERIA,FRANCE,BELGIUM,20190419,Y,3
THOTHATRI,705021,SOPRA STERIA,INDIA,USA,20230110,N,
MICHEAL,951203,DEUTSCHE BANK,FRANCE,SCOTLAND,20221103,N,
ARIE JERAMS,22-7786174,EINTI,GUATEMALA,GERMANY,20220714,N,
CHRYSTAL CULVERHOUSE,19-9953970,AILANE,GERMANY,CHINA,20180507,N,
STARLA MESSINGHAM,64-5589222,OLOO,CHINA,BELARUS,20190502,N,
KIZZIE EYMOR,43-1816255,BLOGPAD,CHINA,BELARUS,20230128,N,
NICOLE COALE,73-3292197,SKILITH,BELARUS,USA,20200929,N,
SHERYL CHESNAY,66-0317354,LIVETUBE,CHINA,UK,20210316,N,
ITCH ANGELL,52-5843110,YODOO,FRANCE,PHILIPPINES,20191204,N,
DEANE LATEK,74-9934428,EIMBEE,CHINA,UK,20221030,N,
KIMBERLEE EMANULSSON,03-4642353,EIDEL,FRANCE,GERMANY,20220403,N,
CLARETTE PATSHULL,28-5765335,EIDEL,PORTUGAL,UK,20220422,N,
AILA GINNALLY,40-1077126,KWIMBEE,CHINA,USA,20221019,N,
ALLYSON RIBY,77-6023506,VIDOO,PHILIPPINES,INDIA,20220417,N,
ASHBY DUESBURY,64-9380064,SKIPPAD,RUSSIA,INDIA,20180121,N,
MORT FYERS,73-8130966,JETPULSE,SERBIA,CHINA,20180415,N,
GERTRUDIS PINKETT,17-6810750,SKYNDU,INDONESIA,CHINA,20201127,N,
TRAVUS BRENNON,87-9304700,DEVCAST,COLOMBIA,CANADA,20200928,N,
CODIE BIBEY,71-4010525,ZOONOODLE,ARGENTINA,GERMANY,20201230,N,
CYBILL BAVERSOR,15-1052393,VITZ,CHINA,PORTUGAL,20181122,N,
SAUNDERS DIAMENT,27-1460552,JAZZY,UGANDA,CANADA,20201011,N,
GERRIE FOLLING,61-0658939,MIBOO,BRAZIL,FRANCE,20210118,N,
BENDICK GERALD,22-4563550,TRILITH,CHINA,PORTUGAL,20210620,N,
VIKI KALINSKY,15-8075907,TEKLIST,POLAND,CANADA,20230125,N,
LORELLE GORSSE,83-5142787,MEEMBEE,NIGERIA,AUSTRALIA,20180601,N,
SIB SPOTTISWOODE,53-9433028,EADEL,UNITED STATES,UK,20180508,N,
EWEN CORDELET,68-5138387,JALOO,CHINA,GERMANY,20190702,N,
FLEUR REVETT,65-3913669,FEEDFISH,CHINA,USA,20210901,N,
CLEMENCE ALISHONER,45-3545856,DEMIZZ,UNITED STATES,UK,20221221,N,
BAT MCCORMACK,79-3473029,ROOMBO,PORTUGAL,NEW ZEALAND,20181124,N,
VINCENTS CONELLY,79-7210267,KATZ,FRANCE,AUSTRALIA,20210207,N,
BRUCE SHRUBSHALL,77-0875492,RHYNOODLE,INDONESIA,INDIA,20220111,N,
ASHLIE STERRICK,74-9708789,JAYO,COLOMBIA,USA,20210629,N,
KAYE GLASON,79-9584721,LIVETUBE,INDONESIA,UK,20220816,N,
VIOLETTA GENTREAU,55-9763622,MYNTE,RUSSIA,UK,20200813,N,
EUGEN PHILIPSSON,47-1265570,MEEDOO,PHILIPPINES,UK,20201114,N,
SILVIA MINGAULD,87-4414168,JALOO,BELARUS,UK,20181128,N,
GLENINE TIDCOMBE,61-8414188,QUATZ,CHINA,FRANCE,20181007,N,
MAXINE FLETHAM,84-8567285,TRUPE,JAPAN,SOUTH AFRICA,20190911,N,
BRONNIE GRIBBINS,32-1803397,DABVINE,CHINA,USA,20180805,N,
ADRIA POUNSETT,04-7538771,DIVAVU,CHINA,USA,20211125,N,
LEDA CALDOW,60-3861139,SKYBA,UNITED STATES,UK,20211013,N,
BERK BYRCHER,37-6469111,PIXONYX,UNITED STATES,UK,20210801,N,
TAMMIE LARCIERE,51-5554521,MEEVEE,CHINA,USA,20190329,N,
IRITA GRELLIER,68-5473378,KATZ,CANADA,GERMANY,20220402,N,
HERMINIA OREHEAD,41-3598223,TOPICWARE,PALAU,SOUTH AFRICA,20190710,N,
MAIGA CAMPION,00-9610897,EIDEL,INDONESIA,SOUTH AFRICA,20210228,N,
TRISH EPPLE,69-1300345,FLASHSET,UKRAINE,UK,20210815,N,
KALE STEVEN,71-2151506,SHUFFLEBEAT,CHINA,GERMANY,20180406,N,
KERIANNE DE ANGELO,45-3488296,LIVETUBE,PHILIPPINES,USA,20190723,N,
CASS TEAS,61-1372353,KATZ,PERU,FRANCE,20191224,N,
TUCKIE SCURRELL,75-0367477,DAZZLESPHERE,SWEDEN,USA,20181113,N,
DATHA CODLING,05-4767007,MUXO,BOLIVIA,FRANCE,20191025,N,
EDITHE ANDRZEJCZAK,70-2720798,BLOGSPAN,CZECH REPUBLIC,PORTUGAL,20221113,N,
CHRISTAN KLAUER,85-7061824,BLOGTAGS,CHINA,GERMANY,20220404,N,
RIP CUTTLE,37-4555598,GEBA,MEXICO,USA,20180804,N,
LELAND WHITTER,89-1889342,BLOGPAD,NETHERLANDS,GERMANY,20200726,N,
JEANIE STYLE,60-3010047,TAGCHAT,PHILIPPINES,GERMANY,20180110,N,
RIANON RIPPON,37-9207514,MUDO,BRAZIL,FRANCE,20200519,N,
MARTELLE LEE,20-3127832,GABVINE,JAPAN,GERMANY,20220527,N,
GERALD KERMANNES,12-7199754,EDGEIFY,INDONESIA,INDIA,20180623,N,
ASE OVERPOOL,96-7367124,WIKIDO,INDONESIA,CHINA,20181230,N,
BARBABAS LASSLETT,87-0191803,SKAJO,CHINA,USA,20190526,N,
RAWLEY PUNTER,61-9060774,BUZZSHARE,CHINA,UK,20221105,N,
CORRINE GOODEE,75-8306939,PIXOPE,RUSSIA,SOUTH AFRICA,20190809,N,
GLORI RINGER,64-6045423,BUZZBEAN,SWEDEN,SOUTH AFRICA,20190412,N,
GRIFFITH SIBBET,32-7580692,SKIPTUBE,BRAZIL,FRANCE,20190203,N,
SUSIE ALLENSON,84-9133121,JETPULSE,PORTUGAL,UK,20180723,N,
GILBERT ALFORD,72-4549892,KAMBA,PHILIPPINES,USA,20180309,N,
HOLLY PARTINGTON,05-0147733,TRUPE,POLAND,USA,20191019,N,
ARISTOTLE BENDAN,06-3982768,OZU,BOSNIA AND HERZEGOVINA,USA,20180430,N,
PATTI SANDILAND,13-7889523,MUXO,GUATEMALA,GERMANY,20220327,N,
SHEPPARD SPERING,28-9648773,FLASHPOINT,PHILIPPINES,FRANCE,20210419,N,
TEMP JANSENS,63-5900384,BROWSEDRIVE,NORWAY,PORTUGAL,20220513,N,
ANDROMACHE CARWARDINE,80-7869415,TRUDOO,CHINA,PORTUGAL,20220903,N,
ODE MAYER,76-0107610,ZOOVEO,RUSSIA,UK,20190202,N,
JEANNIE MENURE,63-6033983,OMBA,FRANCE,GERMANY,20190904,N,
SAYERS WASON,94-9645554,BLOGTAGS,PORTUGAL,GERMANY,20200417,N,
EWAN BOURLEY,54-6896209,BROWSEBLAB,UNITED STATES,UK,20210620,N,
SARAANN THORNELOE,52-0578309,KIMIA,CHINA,FRANCE,20190113,N,
DANIKA CLEMO,42-4808479,FLIPTUNE,INDONESIA,USA,20220529,N,
NORAH ROGEZ,31-1242695,VIVA,INDONESIA,USA,20190917,N,
ZARAH YELE,76-2133816,PODCAT,INDONESIA,USA,20220531,N,
EBA WAYCOT,21-4357890,SKAJO,LAOS,FRANCE,20180621,N,
ISIDORE KITTMAN,08-7103710,WORDTUNE,INDONESIA,GERMANY,20181110,N,
AUROORA GUIRARDIN,77-9747545,QUAXO,JAPAN,GERMANY,20221021,N,
NOBLE PAVLISHCHEV,01-4382595,COGILITH,MALAYSIA,FRANCE,20200925,N,
OBADIAS LUQUET,98-3017381,THOUGHTSPHERE,PHILIPPINES,USA,20200728,N,
MELESSA SPELLWARD,47-0389258,BROWSETYPE,CHINA,UK,20180228,N,
HEWIE LYMER,96-5342555,INNOZ,CHILE,INDIA,20220827,N,
ROZANNE BULPITT,80-4448015,BRIGHTBEAN,MALAYSIA,USA,20200127,N,
WYLMA SARFAS,84-8804766,ZOONOODLE,UNITED STATES,UK,20210626,N,
UMBERTO SPINIGE,40-1492468,JETPULSE,UNITED STATES,UK,20190419,N,
HOMERE LOINS,08-7644172,SKIPTUBE,CHINA,FRANCE,20181019,N,
MEREDETH TINSLEY,10-6859872,AVAMBA,CHINA,BELGIUM,20181106,N,
TRESSA CANET,06-1900177,EAYO,INDONESIA,USA,20210211,N,
CHEV LEMAN,43-7226410,NTAGS,GABON,FRANCE,20210427,N,
CLARE CREBBIN,33-5499772,EABOX,ARGENTINA,GERMANY,20190121,N,
BORD NELSON,15-8011243,JAYO,PHILIPPINES,GERMANY,20190717,N,
WHITNEY STEELY,21-5654134,FEEDFISH,NICARAGUA,FRANCE,20211030,N,
FRAN SYBE,30-4218115,TEKFLY,LIBERIA,USA,20190302,N,
KEELBY WINSTON,02-2855067,VOOMM,POLAND,USA,20180814,N,
