EmployeeName,EmployeeID,OrganisationName,WorkRegion,TravelledCountry,TravelledDate,Employees per Vehicle,TrasportMode,TotalNightsStayed,AmountSpentOnTravelModeIn$,VehicleManufacturer,VehicleManufacturingYear,VehicleSubCategory,EngineCapacity,VersionOrClass,FuelType,DistanceTravelledInTheVehicle,AmountSpentOnFuelIn$,Fuel Consumed,Fuel price per L,ElectricityConsumed
THOTHATRI,705021,SOPRA STERIA,INDIA,CANADA,20230130,,Flight,,955,,,Long Haul,,Business,,12967,,,,
THOTHATRI,705021,SOPRA STERIA,INDIA,CANADA,20230131,,Hotel,2,,,,,,,,,,,,
JOHN,65234,DEUTSCHE BANK,UK,USA,20221215,,Flight,,480,,,Medium Haul,,Business,,5540,,,,
JOHN,65234,DEUTSCHE BANK,UK,USA,20221216,,Hotel,4,,,,,,,,,,,,
MICHEAL,951203,DEUTSCHE BANK,FRANCE,ENGLAND,20221123,,Flight,,75,,,Short Haul,,Business,,470,,,,
MICHEAL,951203,DEUTSCHE BANK,FRANCE,ENGLAND,20221124,,Hotel,1,,,,,,,,,,,,
PETER,259631,SOPRA STERIA,GERMANY,AUSTRALIA,20210829,,Flight,,1130,,,International,,Business,,15963,,,,
SAHIL,962485,JP MORGAN,UK,GERMANY,20190609,10,Bus,,10,,,,,,Diesel,62,,,0.9,
THOTHATRI,705021,SOPRA STERIA,INDIA,USA,20230110,,Flight,,1450,,,Long Haul,,Business,,12967,,,,
MICHEAL,951203,DEUTSCHE BANK,FRANCE,SCOTLAND,20221103,,Flight,,86,,,Short Haul,,Business,,470,,,,
ISIDORE KITTMAN,08-7103710,WORDTUNE,INDONESIA,GERMANY,20181110,,Car,,67,AUDI,2021,Q3,1498,FM6FM6C9011RT21A184BIAHA2EM1BB0,Petrol,,,17.5,1,
AUROORA GUIRARDIN,77-9747545,QUAXO,JAPAN,GERMANY,20201021,,Car,,89,HONDA,2021,CIVIC 5DR,1996,3,Petrol,,,,1,
NOBLE PAVLISHCHEV,01-4382595,COGILITH,MALAYSIA,FRANCE,20200925,,E-Vehicle,,28,VOLVO,2021,XC40,,XZEDVE0?,Electric Battery,,,,,29
OBADIAS LUQUET,98-3017381,THOUGHTSPHERE,PHILIPPINES,USA,20200728,,Car,,109,HYUNDAI,2021,I20,1197,M52AZ3,Petrol,,,,1,
MELESSA SPELLWARD,47-0389258,BROWSETYPE,CHINA,UK,20180228,,Car,,23,KIA,2021,KIA STONIC,1197,M58DZ1,Petrol,,,7.2,1,
HEWIE LYMER,96-5342555,INNOZ,CHILE,INDIA,20220827,,Car,,67,AUDI,2021,Q3,1498,FM6FM6C9011RT21A184BIAHA2EM1BB0,Petrol,,,18.3,1,
ROZANNE BULPITT,80-4448015,BRIGHTBEAN,MALAYSIA,USA,20200127,,Car,,89,HONDA,2021,CIVIC 5DR,1996,3,Petrol,,,,1,
WYLMA SARFAS,84-8804766,ZOONOODLE,USA,UK,20210626,,E-Vehicle,,28,VOLVO,2021,XC40,,XZEDVE0?,Electric Battery,,,,,27
UMBERTO SPINIGE,40-1492468,JETPULSE,USA,UK,20190419,,Car,,109,HYUNDAI,2021,I20,1197,M52AZ3,Petrol,,,,1,
HOMERE LOINS,08-7644172,SKIPTUBE,CHINA,FRANCE,20181019,,Car,,23,KIA,2021,KIA STONIC,1197,M58DZ1,Petrol,,,6.8,1,
MEREDETH TINSLEY,10-6859872,AVAMBA,CHINA,BELGIUM,20181106,,Car,,67,AUDI,2021,Q3,1498,FM6FM6C9011RT21A184BIAHA2EM1BB0,Petrol,,,16.8,1,
TRESSA CANET,06-1900177,EAYO,INDONESIA,USA,20210211,,Car,,89,HONDA,2021,CIVIC 5DR,1996,3,Petrol,,,,1,
CHEV LEMAN,43-7226410,NTAGS,GABON,FRANCE,20200427,,E-Vehicle,,28,VOLVO,2021,XC40,,XZEDVE0?,Electric Battery,,,,,25
CLARE CREBBIN,33-5499772,EABOX,ARGENTINA,GERMANY,20190121,,Car,,109,HYUNDAI,2021,I20,1197,M52AZ3,Petrol,,,,1,
BORD NELSON,15-8011243,JAYO,PHILIPPINES,GERMANY,20190717,,Car,,23,KIA,2021,KIA STONIC,1197,M58DZ1,Petrol,,,8.1,1,
WHITNEY STEELY,21-5654134,FEEDFISH,NICARAGUA,FRANCE,20211030,,Car,,67,KIA,2021,KIA STONIC,1197,M58DZ1,Petrol,,,16.3,1,
FRAN SYBE,30-4218115,TEKFLY,LIBERIA,USA,20190302,,Car,,89,AUDI,2021,Q3,1498,FM6FM6C9011RT21A184BIAHA2EM1BB0,Petrol,,,,1,
KEELBY WINSTON,02-2855067,VOOMM,POLAND,USA,20180814,,Car,,28,HONDA,2021,CIVIC 5DR,1996,3,Petrol,,,,,30
JEANIE STYLE,60-3010047,TAGCHAT,PHILIPPINES,GERMANY,20180110,,Taxi,,70,AUDI,2021,Q3,1498,FM6FM6C9011RT21A184BIAHA2EM1BB0,Petrol,,,17.9,1,
RIANON RIPPON,37-9207514,MUDO,BRAZIL,FRANCE,20200519,,Taxi,,85,HONDA,2021,CIVIC 5DR,1996,3,Petrol,,,,1,
MARTELLE LEE,20-3127832,GABVINE,JAPAN,GERMANY,20220527,,Taxi,,86,KIA,2021,KIA STONIC,1197,M58DZ1,Petrol,,,8.6,1,
GERALD KERMANNES,12-7199754,EDGEIFY,INDONESIA,INDIA,20180623,,Taxi,,69,KIA,2021,KIA STONIC,1197,M58DZ1,Petrol,,,16.7,1,
ASE OVERPOOL,96-7367124,WIKIDO,INDONESIA,CHINA,20181230,,Taxi,,73,AUDI,2021,Q3,1498,FM6FM6C9011RT21A184BIAHA2EM1BB0,Petrol,,,18.1,1,
BARBABAS LASSLETT,87-0191803,SKAJO,CHINA,USA,20190526,,Taxi,,87,HONDA,2021,CIVIC 5DR,1996,3,Petrol,,,,1,
RAWLEY PUNTER,61-9060774,BUZZSHARE,CHINA,UK,20221105,,Subways,,50,,,,,,,200,,,,
CORRINE GOODEE,75-8306939,PIXOPE,RUSSIA,SOUTH AFRICA,20190809,,Subways,,70,,,,,,,280,,,,
GLORI RINGER,64-6045423,BUZZBEAN,SWEDEN,SOUTH AFRICA,20190412,,Subways,,110,,,,,,,440,,,,
GRIFFITH SIBBET,32-7580692,SKIPTUBE,BRAZIL,FRANCE,20190203,,Subways,,60,,,,,,,240,,,,
SUSIE ALLENSON,84-9133121,JETPULSE,PORTUGAL,UK,20180723,,Subways,,35,,,,,,,80,,,,
GILBERT ALFORD,72-4549892,KAMBA,PHILIPPINES,USA,20180309,,Tram,,7,,,,,,,42,,,,
HOLLY PARTINGTON,05-0147733,TRUPE,POLAND,USA,20191019,,Tram,,13,,,,,,,78,,,,
ARISTOTLE BENDAN,06-3982768,OZU,BOSNIA AND HERZEGOVINA,USA,20180430,,Tram,,17,,,,,,,100,,,,
PATTI SANDILAND,13-7889523,MUXO,GUATEMALA,GERMANY,20220327,,Tram,,20,,,,,,,120,,,,
SHEPPARD SPERING,28-9648773,FLASHPOINT,PHILIPPINES,FRANCE,20210419,,Train,,10,,,,,,,60,,,,
TEMP JANSENS,63-5900384,BROWSEDRIVE,NORWAY,PORTUGAL,20220513,,Train,,8,,,,,,,40,,,,
ANDROMACHE CARWARDINE,80-7869415,TRUDOO,CHINA,PORTUGAL,20220903,,Train,,15,,,,,,,75,,,,
ODE MAYER,76-0107610,ZOOVEO,RUSSIA,UK,20190202,,Train,,12,,,,,,,60,,,,
JEANNIE MENURE,63-6033983,OMBA,FRANCE,GERMANY,20190904,,Train,,7,,,,,,,35,,,,
SAYERS WASON,94-9645554,BLOGTAGS,PORTUGAL,GERMANY,20200417,,Train,,15,,,,,,,78,,,,
EWAN BOURLEY,54-6896209,BROWSEBLAB,UNITED STATES,UK,20210620,,Car,,75,AUDI,2021,Q3,1498,FM6FM6C9011RT21A184BIAHA2EM1BB0,Petrol,,,18.3,1,
SARAANN THORNELOE,52-0578309,KIMIA,CHINA,FRANCE,20190113,,Car,,89,HONDA,2021,CIVIC 5DR,1996,3,Petrol,,,,1,
DANIKA CLEMO,42-4808479,FLIPTUNE,INDONESIA,USA,20220529,,Car,,21,KIA,2021,KIA STONIC,1197,M58DZ1,Petrol,,,8.3,1,
NORAH ROGEZ,31-1242695,VIVA,INDONESIA,USA,20190917,,Car,,68,KIA,2021,KIA STONIC,1197,M58DZ1,Petrol,,,16.1,1,
ZARAH YELE,76-2133816,PODCAT,INDONESIA,USA,20220531,,Car,,24,KIA,2021,KIA STONIC,1197,M58DZ1,Petrol,,,8.9,1,
EBA WAYCOT,21-4357890,SKAJO,LAOS,FRANCE,20180621,,Car,,63,KIA,2021,KIA STONIC,1197,M58DZ1,Petrol,,,15.8,1,
VIOLETTA GENTREAU,55-9763622,MYNTE,RUSSIA,UK,20200813,,Car,,89,HONDA,2021,CIVIC 5DR,1996,3,Petrol,,,,1,
EUGEN PHILIPSSON,47-1265570,MEEDOO,PHILIPPINES,UK,20201114,,Car,,75,AUDI,2021,Q3,1498,FM6FM6C9011RT21A184BIAHA2EM1BB0,Petrol,,,,1,
SILVIA MINGAULD,87-4414168,JALOO,BELARUS,UK,20181128,,Car,,89,HONDA,2021,CIVIC 5DR,1996,3,Petrol,,,,1,
GLENINE TIDCOMBE,61-8414188,QUATZ,CHINA,FRANCE,20181007,,Car,,21,KIA,2021,KIA STONIC,1197,M58DZ1,Petrol,,,,1,
MAXINE FLETHAM,84-8567285,TRUPE,JAPAN,SOUTH AFRICA,20190911,,Car,,68,KIA,2021,KIA STONIC,1197,M58DZ1,Petrol,,,,1,
BRONNIE GRIBBINS,32-1803397,DABVINE,CHINA,USA,20180805,,Car,,24,KIA,2021,KIA STONIC,1197,M58DZ1,Petrol,,,,1,
ADRIA POUNSETT,04-7538771,DIVAVU,CHINA,USA,20211125,,Taxi,,63,KIA,2021,KIA STONIC,1197,M58DZ1,Petrol,,,,1,
LEDA CALDOW,60-3861139,SKYBA,USA,UK,20211013,,Taxi,,89,HONDA,2021,CIVIC 5DR,1996,3,Petrol,,,,1,
BERK BYRCHER,37-6469111,PIXONYX,USA,UK,20210801,,Taxi,,75,AUDI,2021,Q3,1498,FM6FM6C9011RT21A184BIAHA2EM1BB0,Petrol,,,,1,
TAMMIE LARCIERE,51-5554521,MEEVEE,CHINA,USA,20190329,,Taxi,,89,HONDA,2021,CIVIC 5DR,1996,3,Petrol,,,,1,
IRITA GRELLIER,68-5473378,KATZ,CANADA,GERMANY,20220402,,Taxi,,21,KIA,2021,KIA STONIC,1197,M58DZ1,Petrol,,,,1,
HERMINIA OREHEAD,41-3598223,TOPICWARE,PALAU,SOUTH AFRICA,20190710,,Taxi,,68,KIA,2021,KIA STONIC,1197,M58DZ1,Petrol,,,,1,
MAIGA CAMPION,00-9610897,EIDEL,INDONESIA,SOUTH AFRICA,20210228,,Taxi,,24,KIA,2021,KIA STONIC,1197,M58DZ1,Petrol,,,,1,
TRISH EPPLE,69-1300345,FLASHSET,UKRAINE,UK,20210815,,Taxi,,63,KIA,2021,KIA STONIC,1197,M58DZ1,Petrol,,,,1,
KALE STEVEN,71-2151506,SHUFFLEBEAT,CHINA,GERMANY,20180406,,Taxi,,89,HONDA,2021,CIVIC 5DR,1996,3,Petrol,,,,1,
KERIANNE DE ANGELO,45-3488296,LIVETUBE,PHILIPPINES,USA,20190723,,Taxi,,75,AUDI,2021,Q3,1498,FM6FM6C9011RT21A184BIAHA2EM1BB0,Petrol,,,,1,
CASS TEAS,61-1372353,KATZ,PERU,FRANCE,20191224,,Taxi,,89,HONDA,2021,CIVIC 5DR,1996,3,Petrol,,,,1,
TUCKIE SCURRELL,75-0367477,DAZZLESPHERE,SWEDEN,USA,20181113,,Taxi,,21,KIA,2021,KIA STONIC,1197,M58DZ1,Petrol,,,,1,
DATHA CODLING,05-4767007,MUXO,BOLIVIA,FRANCE,20191025,,Taxi,,68,KIA,2021,KIA STONIC,1197,M58DZ1,Petrol,,,,1,
EDITHE ANDRZEJCZAK,70-2720798,BLOGSPAN,CZECH REPUBLIC,PORTUGAL,20221113,,Taxi,,24,KIA,2021,KIA STONIC,1197,M58DZ1,Petrol,,,,1,
CHRISTAN KLAUER,85-7061824,BLOGTAGS,CHINA,GERMANY,20200404,,Taxi,,63,KIA,2021,KIA STONIC,1197,M58DZ1,Petrol,,,,1,
RIP CUTTLE,37-4555598,GEBA,MEXICO,USA,20180804,,Taxi,,24,KIA,2021,KIA STONIC,1197,M58DZ1,Petrol,,,,1,
LELAND WHITTER,89-1889342,BLOGPAD,NETHERLANDS,GERMANY,20200726,,Taxi,,63,KIA,2021,KIA STONIC,1197,M58DZ1,Petrol,,,,1,
