EmployeeName,EmployeeID,OrganisationName,WorkRegion,TravelledCountry,TravelledDate,Employees per Vehicle,TrasportMode,TotalNightsStayed,AmountSpentOnTravelModeIn$,VehicleManufacturer,VehicleManufacturingYear,VehicleSubCategory,EngineCapacity,VersionOrClass,FuelType,DistanceTravelledInTheVehicle,AmountSpentOnFuelIn$,Fuel Consumed,Fuel price per L,ElectricityConsumed,AgencyName
JACOBS,548623,JP MORGAN,GERMANY,NEW ZEALAND,20190506,,Flight,,1550,,,International,,Business,,18127,,,,,EuroHike
JACOBS,548623,JP MORGAN,GERMANY,NEW ZEALAND,20190507,,Hotel,3,,,,,,,,,,,,,
KAMAL,486251,MORGAN STANLEY,GERMANY,USA,20191105,,Flight,,673,,,Long Haul,,Business,,6381,,,,,Indus
KAMAL,486251,MORGAN STANLEY,GERMANY,USA,20191106,,Hotel,5,,,,,,,,,,,,,
KUNAL,368425,DEUTSCHE BANK,GERMANY,CANADA,20180330,,Flight,,735,,,Medium Haul,,Business,,5995,,,,,A-Rosa
SAHIL,962485,JP MORGAN,UK,GERMANY,20190609,,Flight,,110,,,Short Haul,,Business,,900,,,,,Blue-Roads
SAHIL,962485,JP MORGAN,UK,GERMANY,20190610,,Hotel,1,,,,,,,,,,,,,
KARTIK,157639,SOPRA STERIA,FRANCE,BELGIUM,20190419,,Flight,,135,,,Short Haul,,Business,,300,,,,,Cosmos
THOTHATRI,705021,SOPRA STERIA,INDIA,CANADA,20230130,,Car,,67,AUDI,2021,Q3,1498,FM6FM6C9011RT21A184BIAHA2EM1BB0,Petrol,210,17.5,17.5,1,,Globus
JOHN,65234,DEUTSCHE BANK,UK,USA,20221215,2,Taxi,,89,HONDA,2021,CIVIC 5DR,1996,3,Petrol,302,22,,1,,Cosmos
MICHEAL,951203,DEUTSCHE BANK,FRANCE,ENGLAND,20221123,,E-Vehicle,,28,VOLVO,2021,XC40,,XZEDVE0?,Electric Battery,150,11.2,,,28,InSight
PETER,259631,SOPRA STERIA,GERMANY,AUSTRALIA,20210829,7,Subways,,25,,,,,,,740,,,,,Trafalgar
JACOBS,548623,JP MORGAN,GERMANY,NEW ZEALAND,20190506,3,Taxi,,109,HYUNDAI,2021,I20,1197,M52AZ3,Petrol,365,25,,1,,EuroHike
KAMAL,486251,MORGAN STANLEY,GERMANY,USA,20191105,,Tram,,8,,,,,,,70,,,,,Indus
KUNAL,368425,DEUTSCHE BANK,GERMANY,CANADA,20180330,120,Train,,10,,,,,,,160,,,,,A-Rosa
KARTIK,157639,SOPRA STERIA,FRANCE,BELGIUM,20190419,2,Car,,23,KIA,2021,KIA STONIC,1197,M58DZ1,Petrol,74,7,6.166666667,1,,Cosmos
KIMBERLEE EMANULSSON,03-4642353,EIDEL,FRANCE,GERMANY,20220403,,Taxi,,20,AUDI,2021,Q3,1498,FM6FM6C9011RT21A184BIAHA2EM1BB0,Petrol,,2,2,1,,Trafalgar
CLARETTE PATSHULL,28-5765335,EIDEL,PORTUGAL,UK,20220422,,Taxi,,,HONDA,2021,CIVIC 5DR,1996,3,Petrol,84,,,,,Trafalgar
AILA GINNALLY,40-1077126,KWIMBEE,CHINA,USA,20221019,,Taxi,,,KIA,2021,KIA STONIC,1197,M58DZ1,Petrol,90,,,,,Trafalgar
ALLYSON RIBY,77-6023506,VIDOO,PHILIPPINES,INDIA,20220417,,Taxi,,50,AUDI,2021,Q3,1498,FM6FM6C9011RT21A184BIAHA2EM1BB0,Petrol,,5,5,1,,Trafalgar
ASHBY DUESBURY,64-9380064,SKIPPAD,RUSSIA,INDIA,20180121,,Car,,,HONDA,2021,CIVIC 5DR,1996,3,Petrol,100,,,,,A-Rosa
MORT FYERS,73-8130966,JETPULSE,SERBIA,CHINA,20180415,,Taxi,,,KIA,2021,KIA STONIC,1197,M58DZ1,Petrol,75,,,,,A-Rosa
GERTRUDIS PINKETT,17-6810750,SKYNDU,INDONESIA,CHINA,20201127,,Car,,40,AUDI,2021,Q3,1498,FM6FM6C9011RT21A184BIAHA2EM1BB0,Petrol,,6,6,1,,Blue-Roads
TRAVUS BRENNON,87-9304700,DEVCAST,COLOMBIA,CANADA,20200928,,Taxi,,,HONDA,2021,CIVIC 5DR,1996,3,Petrol,95,,,,,Trafalgar
ARIE JERAMS,22-7786174,EINTI,GUATEMALA,GERMANY,20220714,,Flight,,1070,,,Medium Haul,,Business,,9632,,,,,Globus
CHRYSTAL CULVERHOUSE,19-9953970,AILANE,GERMANY,CHINA,20180507,,Flight,,817,,,Medium Haul,,Business,,7354,,,,,Globus
STARLA MESSINGHAM,64-5589222,OLOO,CHINA,BELARUS,20190502,,Flight,,718,,,Medium Haul,,Business,,6465,,,,,Globus
KIZZIE EYMOR,43-1816255,BLOGPAD,CHINA,BELARUS,20230128,,Flight,,718,,,Medium Haul,,Business,,6465,,,,,Globus
NICOLE COALE,73-3292197,SKILITH,BELARUS,USA,20200929,,Flight,,827,,,Medium Haul,,Business,,7442,,,,,Globus
SHERYL CHESNAY,66-0317354,LIVETUBE,CHINA,UK,20210316,,Flight,,904,,,Medium Haul,,Business,,8138,,,,,Globus
ITCH ANGELL,52-5843110,YODOO,FRANCE,PHILIPPINES,20191204,,Flight,,1195,,,International,,Business,,10758,,,,,Globus
DEANE LATEK,74-9934428,EIMBEE,CHINA,UK,20221030,,Flight,,904,,,Medium Haul,,Business,,8138,,,,,A-Rosa
KIMBERLEE EMANULSSON,03-4642353,EIDEL,FRANCE,GERMANY,20220403,,Flight,,98,,,Short Haul,,Business,,878,,,,,Trafalgar
CLARETTE PATSHULL,28-5765335,EIDEL,PORTUGAL,UK,20220422,,Flight,,176,,,Short Haul,,Business,,1586,,,,,Trafalgar
AILA GINNALLY,40-1077126,KWIMBEE,CHINA,USA,20221019,,Flight,,1238,,,International,,Business,,11145,,,,,Trafalgar
ALLYSON RIBY,77-6023506,VIDOO,PHILIPPINES,INDIA,20220417,,Flight,,529,,,Long Haul,,Business,,4759,,,,,Trafalgar
ASHBY DUESBURY,64-9380064,SKIPPAD,RUSSIA,INDIA,20180121,,Flight,,482,,,Long Haul,,Business,,4341,,,,,A-Rosa
MORT FYERS,73-8130966,JETPULSE,SERBIA,CHINA,20180415,,Flight,,824,,,Medium Haul,,Business,,7412,,,,,A-Rosa
GERTRUDIS PINKETT,17-6810750,SKYNDU,INDONESIA,CHINA,20201127,,Flight,,580,,,Long Haul,,Business,,5220,,,,,Blue-Roads
TRAVUS BRENNON,87-9304700,DEVCAST,COLOMBIA,CANADA,20200928,,Flight,,505,,,Long Haul,,Business,,4541,,,,,Trafalgar
CODIE BIBEY,71-4010525,ZOONOODLE,ARGENTINA,GERMANY,20201230,,Flight,,1323,,,International,,Business,,11910,,,,,Blue-Roads
CYBILL BAVERSOR,15-1052393,VITZ,CHINA,PORTUGAL,20181122,,Flight,,1074,,,Medium Haul,,Business,,9665,,,,,EuroHike
SAUNDERS DIAMENT,27-1460552,JAZZY,UGANDA,CANADA,20201011,,Flight,,1266,,,International,,Business,,11395,,,,,Trafalgar
GERRIE FOLLING,61-0658939,MIBOO,BRAZIL,FRANCE,20210118,,Flight,,970,,,Medium Haul,,Business,,8726,,,,,EuroHike
BENDICK GERALD,22-4563550,TRILITH,CHINA,PORTUGAL,20210620,,Flight,,1074,,,Medium Haul,,Business,,9665,,,,,A-Rosa
VIKI KALINSKY,15-8075907,TEKLIST,POLAND,CANADA,20230125,,Flight,,731,,,Medium Haul,,Business,,6576,,,,,A-Rosa
VIKI KALINSKY,83-5142787,MEEMBEE,NIGERIA,AUSTRALIA,20180601,,Flight,,1633,,,International,,Business,,14697,,,,,Globus
SIB SPOTTISWOODE,53-9433028,EADEL,USA,UK,20180508,,Flight,,655,,,Long Haul,,Business,,5898,,,,,Globus
EWEN CORDELET,68-5138387,JALOO,CHINA,GERMANY,20190702,,Flight,,817,,,Medium Haul,,Business,,7354,,,,,Globus
FLEUR REVETT,65-3913669,FEEDFISH,CHINA,USA,20210901,,Flight,,1238,,,International,,Business,,11145,,,,,Globus
CLEMENCE ALISHONER,45-3545856,DEMIZZ,USA,UK,20221221,,Flight,,655,,,Long Haul,,Business,,5898,,,,,A-Rosa
BAT MCCORMACK,79-3473029,ROOMBO,PORTUGAL,NEW ZEALAND,20181124,,Flight,,2175,,,International,,Business,,19576,,,,,EuroHike
VINCENTS CONELLY,79-7210267,KATZ,FRANCE,AUSTRALIA,20210207,,Flight,,1866,,,International,,Business,,16791,,,,,Cosmos
BRUCE SHRUBSHALL,77-0875492,RHYNOODLE,INDONESIA,INDIA,20220111,,Flight,,556,,,Long Haul,,Business,,5004,,,,,Trafalgar
ASHLIE STERRICK,74-9708789,JAYO,COLOMBIA,USA,20210629,,Flight,,425,,,Long Haul,,Business,,3824,,,,,Cosmos
KAYE GLASON,79-9584721,LIVETUBE,INDONESIA,UK,20220816,,Flight,,1302,,,International,,Business,,11714,,,,,Cosmos
VIOLETTA GENTREAU,55-9763622,MYNTE,RUSSIA,UK,20200813,,Flight,,278,,,Short Haul,,Business,,2501,,,,,Trafalgar
EUGEN PHILIPSSON,47-1265570,MEEDOO,PHILIPPINES,UK,20201114,,Flight,,1195,,,International,,Business,,10751,,,,,Cosmos
SILVIA MINGAULD,87-4414168,JALOO,BELARUS,UK,20181128,,Flight,,208,,,Short Haul,,Business,,1872,,,,,EuroHike
GLENINE TIDCOMBE,61-8414188,QUATZ,CHINA,FRANCE,20181007,,Flight,,913,,,Medium Haul,,Business,,8214,,,,,A-Rosa
MAXINE FLETHAM,84-8567285,TRUPE,JAPAN,SOUTH AFRICA,20190911,,Flight,,1501,,,International,,Business,,13508,,,,,A-Rosa
BRONNIE GRIBBINS,32-1803397,DABVINE,CHINA,USA,20180805,,Flight,,1238,,,International,,Business,,11145,,,,,Globus
ADRIA POUNSETT,04-7538771,DIVAVU,CHINA,USA,20211125,,Flight,,1238,,,International,,Business,,11145,,,,,Globus
LEDA CALDOW,60-3861139,SKYBA,USA,UK,20211013,,Flight,,655,,,Long Haul,,Business,,5898,,,,,Globus
BERK BYRCHER,37-6469111,PIXONYX,USA,UK,20210801,,Flight,,655,,,Long Haul,,Business,,5898,,,,,A-Rosa
TAMMIE LARCIERE,51-5554521,MEEVEE,CHINA,USA,20190329,,Flight,,1238,,,International,,Business,,11145,,,,,Trafalgar
IRITA GRELLIER,68-5473378,KATZ,CANADA,GERMANY,20220402,,Flight,,720,,,Medium Haul,,Business,,6476,,,,,Trafalgar
HERMINIA OREHEAD,41-3598223,TOPICWARE,PALAU,SOUTH AFRICA,20190710,,Flight,,1335,,,International,,Business,,12011,,,,,Trafalgar
MAIGA CAMPION,00-9610897,EIDEL,INDONESIA,SOUTH AFRICA,20210228,,Flight,,953,,,Medium Haul,,Business,,8574,,,,,Trafalgar
TRISH EPPLE,69-1300345,FLASHSET,UKRAINE,UK,20210815,,Flight,,237,,,Short Haul,,Business,,2135,,,,,Trafalgar
KALE STEVEN,71-2151506,SHUFFLEBEAT,CHINA,GERMANY,20180406,,Flight,,817,,,Medium Haul,,Business,,7354,,,,,A-Rosa
KERIANNE DE ANGELO,45-3488296,LIVETUBE,PHILIPPINES,USA,20190723,,Flight,,1534,,,International,,Business,,13802,,,,,EuroHike
CASS TEAS,61-1372353,KATZ,PERU,FRANCE,20191224,,Flight,,1139,,,International,,Business,,10255,,,,,Blue-Roads
TUCKIE SCURRELL,75-0367477,DAZZLESPHERE,SWEDEN,USA,20181113,,Flight,,737,,,Medium Haul,,Business,,6636,,,,,Blue-Roads
DATHA CODLING,05-4767007,MUXO,BOLIVIA,FRANCE,20191025,,Flight,,1114,,,International,,Business,,10027,,,,,Globus
EDITHE ANDRZEJCZAK,70-2720798,BLOGSPAN,CZECH REPUBLIC,PORTUGAL,20221113,,Flight,,249,,,Short Haul,,Business,,2244,,,,,Globus
CHRISTAN KLAUER,85-7061824,BLOGTAGS,CHINA,GERMANY,20200404,,Flight,,817,,,Medium Haul,,Business,,7354,,,,,Blue-Roads
RIP CUTTLE,37-4555598,GEBA,MEXICO,USA,20180804,,Flight,,337,,,Long Haul,,Business,,3032,,,,,Cosmos
LELAND WHITTER,89-1889342,BLOGPAD,NETHERLANDS,GERMANY,20200726,,Flight,,64,,,Short Haul,,Business,,577,,,,,Blue-Roads
JEANIE STYLE,60-3010047,TAGCHAT,PHILIPPINES,GERMANY,20180110,,Flight,,1098,,,Medium Haul,,Business,,9880,,,,,EuroHike
RIANON RIPPON,37-9207514,MUDO,BRAZIL,FRANCE,20200519,,Flight,,970,,,Medium Haul,,Business,,8726,,,,,Trafalgar
MARTELLE LEE,20-3127832,GABVINE,JAPAN,GERMANY,20220527,,Flight,,991,,,Medium Haul,,Business,,8918,,,,,Trafalgar
GERALD KERMANNES,12-7199754,EDGEIFY,INDONESIA,INDIA,20180623,,Flight,,556,,,Long Haul,,Business,,5004,,,,,Trafalgar
ASE OVERPOOL,96-7367124,WIKIDO,INDONESIA,CHINA,20181230,,Flight,,580,,,Long Haul,,Business,,5220,,,,,Trafalgar
BARBABAS LASSLETT,87-0191803,SKAJO,CHINA,USA,20190526,,Flight,,1238,,,International,,Business,,11145,,,,,Trafalgar
RAWLEY PUNTER,61-9060774,BUZZSHARE,CHINA,UK,20221105,,Flight,,904,,,Medium Haul,,Business,,8138,,,,,Trafalgar
CORRINE GOODEE,75-8306939,PIXOPE,RUSSIA,SOUTH AFRICA,20190809,,Flight,,1012,,,Medium Haul,,Business,,9107,,,,,A-Rosa
GLORI RINGER,64-6045423,BUZZBEAN,SWEDEN,SOUTH AFRICA,20190412,,Flight,,1056,,,Medium Haul,,Business,,9506,,,,,A-Rosa
GRIFFITH SIBBET,32-7580692,SKIPTUBE,BRAZIL,FRANCE,20190203,,Flight,,970,,,Medium Haul,,Business,,8726,,,,,A-Rosa
SUSIE ALLENSON,84-9133121,JETPULSE,PORTUGAL,UK,20180723,,Flight,,176,,,Short Haul,,Business,,1586,,,,,Trafalgar
GILBERT ALFORD,72-4549892,KAMBA,PHILIPPINES,USA,20180309,,Flight,,1534,,,International,,Business,,13802,,,,,Trafalgar
HOLLY PARTINGTON,05-0147733,TRUPE,POLAND,USA,20191019,,Flight,,797,,,Medium Haul,,Business,,7177,,,,,EuroHike
ARISTOTLE BENDAN,06-3982768,OZU,BOSNIA AND HERZEGOVINA,USA,20180430,,Flight,,835,,,Medium Haul,,Business,,7511,,,,,EuroHike
PATTI SANDILAND,13-7889523,MUXO,GUATEMALA,GERMANY,20220327,,Flight,,1070,,,Medium Haul,,Business,,9632,,,,,Globus
SHEPPARD SPERING,28-9648773,FLASHPOINT,PHILIPPINES,FRANCE,20210419,,Flight,,1195,,,International,,Business,,10758,,,,,Globus
TEMP JANSENS,63-5900384,BROWSEDRIVE,NORWAY,PORTUGAL,20220513,,Flight,,304,,,Short Haul,,Business,,2739,,,,,Globus
ANDROMACHE CARWARDINE,80-7869415,TRUDOO,CHINA,PORTUGAL,20220903,,Flight,,1074,,,Medium Haul,,Business,,9665,,,,,Globus
ODE MAYER,76-0107610,ZOOVEO,RUSSIA,UK,20190202,,Flight,,278,,,Short Haul,,Business,,2501,,,,,EuroHike
JEANNIE MENURE,63-6033983,OMBA,FRANCE,GERMANY,20190904,,Flight,,98,,,Short Haul,,Business,,878,,,,,EuroHike
SAYERS WASON,94-9645554,BLOGTAGS,PORTUGAL,GERMANY,20200417,,Flight,,257,,,Short Haul,,Business,,2314,,,,,EuroHike
EWAN BOURLEY,54-6896209,BROWSEBLAB,USA,UK,20210620,,Flight,,655,,,Long Haul,,Business,,5898,,,,,Trafalgar
SARAANN THORNELOE,52-0578309,KIMIA,CHINA,FRANCE,20190113,,Flight,,913,,,Medium Haul,,Business,,8214,,,,,Trafalgar
DANIKA CLEMO,42-4808479,FLIPTUNE,INDONESIA,USA,20220529,,Flight,,1817,,,International,,Business,,16357,,,,,Trafalgar
NORAH ROGEZ,31-1242695,VIVA,INDONESIA,USA,20190917,,Flight,,1817,,,International,,Business,,16357,,,,,Trafalgar
ZARAH YELE,76-2133816,PODCAT,INDONESIA,USA,20220531,,Flight,,1817,,,International,,Business,,16357,,,,,Trafalgar
EBA WAYCOT,21-4357890,SKAJO,LAOS,FRANCE,20180621,,Flight,,1026,,,Medium Haul,,Business,,9236,,,,,A-Rosa
ISIDORE KITTMAN,08-7103710,WORDTUNE,INDONESIA,GERMANY,20181110,,Flight,,1198,,,International,,Business,,10783,,,,,A-Rosa
AUROORA GUIRARDIN,77-9747545,QUAXO,JAPAN,GERMANY,20201021,,Flight,,991,,,Medium Haul,,Business,,8918,,,,,A-Rosa
NOBLE PAVLISHCHEV,01-4382595,COGILITH,MALAYSIA,FRANCE,20200925,,Flight,,1158,,,International,,Business,,10425,,,,,EuroHike
OBADIAS LUQUET,98-3017381,THOUGHTSPHERE,PHILIPPINES,USA,20200728,,Flight,,1534,,,International,,Business,,13802,,,,,Globus
MELESSA SPELLWARD,47-0389258,BROWSETYPE,CHINA,UK,20180228,,Flight,,904,,,Medium Haul,,Business,,8138,,,,,Globus
HEWIE LYMER,96-5342555,INNOZ,CHILE,INDIA,20220827,,Flight,,1880,,,International,,Business,,16922,,,,,Globus
ROZANNE BULPITT,80-4448015,BRIGHTBEAN,MALAYSIA,USA,20200127,,Flight,,1704,,,International,,Business,,15338,,,,,Globus
WYLMA SARFAS,84-8804766,ZOONOODLE,USA,UK,20210626,,Flight,,655,,,Long Haul,,Business,,5898,,,,,EuroHike
UMBERTO SPINIGE,40-1492468,JETPULSE,USA,UK,20190419,,Flight,,655,,,Long Haul,,Business,,5898,,,,,Trafalgar
HOMERE LOINS,08-7644172,SKIPTUBE,CHINA,FRANCE,20181019,,Flight,,913,,,Medium Haul,,Business,,8214,,,,,Trafalgar
MEREDETH TINSLEY,10-6859872,AVAMBA,CHINA,BELGIUM,20181106,,Flight,,884,,,Medium Haul,,Business,,7958,,,,,Trafalgar
TRESSA CANET,06-1900177,EAYO,INDONESIA,USA,20210211,,Flight,,1817,,,International,,Business,,16357,,,,,Trafalgar
CHEV LEMAN,43-7226410,NTAGS,GABON,FRANCE,20200427,,Flight,,604,,,Long Haul,,Business,,5432,,,,,Trafalgar
CLARE CREBBIN,33-5499772,EABOX,ARGENTINA,GERMANY,20190121,,Flight,,1323,,,International,,Business,,11910,,,,,Trafalgar
BORD NELSON,15-8011243,JAYO,PHILIPPINES,GERMANY,20190717,,Flight,,1098,,,Medium Haul,,Business,,9880,,,,,A-Rosa
WHITNEY STEELY,21-5654134,FEEDFISH,NICARAGUA,FRANCE,20211030,,Flight,,988,,,Medium Haul,,Business,,8894,,,,,EuroHike
FRAN SYBE,30-4218115,TEKFLY,LIBERIA,USA,20190302,,Flight,,835,,,Medium Haul,,Business,,7517,,,,,Cosmos
KEELBY WINSTON,02-2855067,VOOMM,POLAND,USA,20180814,,Flight,,797,,,Medium Haul,,Business,,7177,,,,,Cosmos
ARIE JERAMS,22-7786174,EINTI,GUATEMALA,GERMANY,20220714,,Hotel,3,,,,,,,,,,,,,Globus
CHRYSTAL CULVERHOUSE,19-9953970,AILANE,GERMANY,CHINA,20180507,,Hotel,5,,,,,,,,,,,,,Globus
STARLA MESSINGHAM,64-5589222,OLOO,CHINA,BELARUS,20190502,,Hotel,2,,,,,,,,,,,,,Globus
KIZZIE EYMOR,43-1816255,BLOGPAD,CHINA,BELARUS,20230128,,Hotel,6,,,,,,,,,,,,,Globus
NICOLE COALE,73-3292197,SKILITH,BELARUS,USA,20200929,,Hotel,4,,,,,,,,,,,,,Cosmos
SHERYL CHESNAY,66-0317354,LIVETUBE,CHINA,UK,20210316,,Hotel,1,,,,,,,,,,,,,Cosmos
ITCH ANGELL,52-5843110,YODOO,FRANCE,PHILIPPINES,20191204,,Hotel,7,,,,,,,,,,,,,Trafalgar
DEANE LATEK,74-9934428,EIMBEE,CHINA,UK,20221030,,Hotel,5,,,,,,,,,,,,,Trafalgar
KIMBERLEE EMANULSSON,03-4642353,EIDEL,FRANCE,GERMANY,20220403,,Hotel,3,,,,,,,,,,,,,Trafalgar
CLARETTE PATSHULL,28-5765335,EIDEL,PORTUGAL,UK,20220422,,Hotel,4,,,,,,,,,,,,,Trafalgar
AILA GINNALLY,40-1077126,KWIMBEE,CHINA,USA,20221019,,Hotel,9,,,,,,,,,,,,,Cosmos
ALLYSON RIBY,77-6023506,VIDOO,PHILIPPINES,INDIA,20220417,,Hotel,3,,,,,,,,,,,,,Blue-Roads
ASHBY DUESBURY,64-9380064,SKIPPAD,RUSSIA,INDIA,20180121,,Hotel,5,,,,,,,,,,,,,Blue-Roads
MORT FYERS,73-8130966,JETPULSE,SERBIA,CHINA,20180415,,Hotel,2,,,,,,,,,,,,,Blue-Roads
GERTRUDIS PINKETT,17-6810750,SKYNDU,INDONESIA,CHINA,20201127,,Hotel,6,,,,,,,,,,,,,Globus
TRAVUS BRENNON,87-9304700,DEVCAST,COLOMBIA,CANADA,20200928,,Hotel,4,,,,,,,,,,,,,Blue-Roads
CODIE BIBEY,71-4010525,ZOONOODLE,ARGENTINA,GERMANY,20201230,,Hotel,1,,,,,,,,,,,,,Blue-Roads
CYBILL BAVERSOR,15-1052393,VITZ,CHINA,PORTUGAL,20181122,,Hotel,7,,,,,,,,,,,,,Blue-Roads
SAUNDERS DIAMENT,27-1460552,JAZZY,UGANDA,CANADA,20201011,,Hotel,5,,,,,,,,,,,,,Blue-Roads
GERRIE FOLLING,61-0658939,MIBOO,BRAZIL,FRANCE,20210118,,Hotel,3,,,,,,,,,,,,,Blue-Roads
BENDICK GERALD,22-4563550,TRILITH,CHINA,PORTUGAL,20210620,,Hotel,4,,,,,,,,,,,,,A-Rosa
VIKI KALINSKY,15-8075907,TEKLIST,POLAND,CANADA,20230125,,Hotel,9,,,,,,,,,,,,,Blue-Roads
LORELLE GORSSE,83-5142787,MEEMBEE,NIGERIA,AUSTRALIA,20180601,,Hotel,3,,,,,,,,,,,,,Globus
SIB SPOTTISWOODE,53-9433028,EADEL,USA,UK,20180508,,Hotel,5,,,,,,,,,,,,,Cosmos
EWEN CORDELET,68-5138387,JALOO,CHINA,GERMANY,20190702,,Hotel,2,,,,,,,,,,,,,Cosmos
FLEUR REVETT,65-3913669,FEEDFISH,CHINA,USA,20210901,,Hotel,6,,,,,,,,,,,,,Trafalgar
CLEMENCE ALISHONER,45-3545856,DEMIZZ,USA,UK,20221221,,Hotel,4,,,,,,,,,,,,,Trafalgar
BAT MCCORMACK,79-3473029,ROOMBO,PORTUGAL,NEW ZEALAND,20181124,,Hotel,1,,,,,,,,,,,,,Trafalgar
VINCENTS CONELLY,79-7210267,KATZ,FRANCE,AUSTRALIA,20210207,,Hotel,7,,,,,,,,,,,,,Trafalgar
BRUCE SHRUBSHALL,77-0875492,RHYNOODLE,INDONESIA,INDIA,20220111,,Hotel,5,,,,,,,,,,,,,Trafalgar
ASHLIE STERRICK,74-9708789,JAYO,COLOMBIA,USA,20210629,,Hotel,3,,,,,,,,,,,,,Cosmos
KAYE GLASON,79-9584721,LIVETUBE,INDONESIA,UK,20220816,,Hotel,4,,,,,,,,,,,,,Cosmos
VIOLETTA GENTREAU,55-9763622,MYNTE,RUSSIA,UK,20200813,,Hotel,9,,,,,,,,,,,,,Cosmos
EUGEN PHILIPSSON,47-1265570,MEEDOO,PHILIPPINES,UK,20201114,,Hotel,3,,,,,,,,,,,,,Blue-Roads
SILVIA MINGAULD,87-4414168,JALOO,BELARUS,UK,20181128,,Hotel,5,,,,,,,,,,,,,Blue-Roads
GLENINE TIDCOMBE,61-8414188,QUATZ,CHINA,FRANCE,20181007,,Hotel,2,,,,,,,,,,,,,EuroHike
MAXINE FLETHAM,84-8567285,TRUPE,JAPAN,SOUTH AFRICA,20190911,,Hotel,6,,,,,,,,,,,,,Trafalgar
BRONNIE GRIBBINS,32-1803397,DABVINE,CHINA,USA,20180805,,Hotel,4,,,,,,,,,,,,,A-Rosa
ADRIA POUNSETT,04-7538771,DIVAVU,CHINA,USA,20211125,,Hotel,1,,,,,,,,,,,,,A-Rosa
LEDA CALDOW,60-3861139,SKYBA,USA,UK,20211013,,Hotel,7,,,,,,,,,,,,,A-Rosa
BERK BYRCHER,37-6469111,PIXONYX,USA,UK,20210801,,Hotel,5,,,,,,,,,,,,,A-Rosa
TAMMIE LARCIERE,51-5554521,MEEVEE,CHINA,USA,20190329,,Hotel,3,,,,,,,,,,,,,A-Rosa
IRITA GRELLIER,68-5473378,KATZ,CANADA,GERMANY,20220402,,Hotel,4,,,,,,,,,,,,,Globus
HERMINIA OREHEAD,41-3598223,TOPICWARE,PALAU,SOUTH AFRICA,20190710,,Hotel,9,,,,,,,,,,,,,EuroHike
MAIGA CAMPION,00-9610897,EIDEL,INDONESIA,SOUTH AFRICA,20210228,,Hotel,3,,,,,,,,,,,,,EuroHike
TRISH EPPLE,69-1300345,FLASHSET,UKRAINE,UK,20210815,,Hotel,5,,,,,,,,,,,,,EuroHike
KALE STEVEN,71-2151506,SHUFFLEBEAT,CHINA,GERMANY,20180406,,Hotel,2,,,,,,,,,,,,,Globus
KERIANNE DE ANGELO,45-3488296,LIVETUBE,PHILIPPINES,USA,20190723,,Hotel,6,,,,,,,,,,,,,Globus
CASS TEAS,61-1372353,KATZ,PERU,FRANCE,20191224,,Hotel,4,,,,,,,,,,,,,Globus
TUCKIE SCURRELL,75-0367477,DAZZLESPHERE,SWEDEN,USA,20181113,,Hotel,1,,,,,,,,,,,,,Globus
DATHA CODLING,05-4767007,MUXO,BOLIVIA,FRANCE,20191025,,Hotel,7,,,,,,,,,,,,,Globus
EDITHE ANDRZEJCZAK,70-2720798,BLOGSPAN,CZECH REPUBLIC,PORTUGAL,20221113,,Hotel,5,,,,,,,,,,,,,Blue-Roads
CHRISTAN KLAUER,85-7061824,BLOGTAGS,CHINA,GERMANY,20200404,,Hotel,3,,,,,,,,,,,,,Blue-Roads
RIP CUTTLE,37-4555598,GEBA,MEXICO,USA,20180804,,Hotel,4,,,,,,,,,,,,,Blue-Roads
LELAND WHITTER,89-1889342,BLOGPAD,NETHERLANDS,GERMANY,20200726,,Hotel,9,,,,,,,,,,,,,Trafalgar
JEANIE STYLE,60-3010047,TAGCHAT,PHILIPPINES,GERMANY,20180110,,Hotel,3,,,,,,,,,,,,,Cosmos
RIANON RIPPON,37-9207514,MUDO,BRAZIL,FRANCE,20200519,,Hotel,5,,,,,,,,,,,,,Cosmos
MARTELLE LEE,20-3127832,GABVINE,JAPAN,GERMANY,20220527,,Hotel,2,,,,,,,,,,,,,Cosmos
GERALD KERMANNES,12-7199754,EDGEIFY,INDONESIA,INDIA,20180623,,Hotel,6,,,,,,,,,,,,,Cosmos
ASE OVERPOOL,96-7367124,WIKIDO,INDONESIA,CHINA,20181230,,Hotel,4,,,,,,,,,,,,,Globus
BARBABAS LASSLETT,87-0191803,SKAJO,CHINA,USA,20190526,,Hotel,1,,,,,,,,,,,,,EuroHike
RAWLEY PUNTER,61-9060774,BUZZSHARE,CHINA,UK,20221105,,Hotel,7,,,,,,,,,,,,,A-Rosa
CORRINE GOODEE,75-8306939,PIXOPE,RUSSIA,SOUTH AFRICA,20190809,,Hotel,5,,,,,,,,,,,,,A-Rosa
GLORI RINGER,64-6045423,BUZZBEAN,SWEDEN,SOUTH AFRICA,20190412,,Hotel,3,,,,,,,,,,,,,A-Rosa
GRIFFITH SIBBET,32-7580692,SKIPTUBE,BRAZIL,FRANCE,20190203,,Hotel,4,,,,,,,,,,,,,Trafalgar
SUSIE ALLENSON,84-9133121,JETPULSE,PORTUGAL,UK,20180723,,Hotel,9,,,,,,,,,,,,,Trafalgar
GILBERT ALFORD,72-4549892,KAMBA,PHILIPPINES,USA,20180309,,Hotel,3,,,,,,,,,,,,,Trafalgar
HOLLY PARTINGTON,05-0147733,TRUPE,POLAND,USA,20191019,,Hotel,5,,,,,,,,,,,,,A-Rosa
ARISTOTLE BENDAN,06-3982768,OZU,BOSNIA AND HERZEGOVINA,USA,20180430,,Hotel,2,,,,,,,,,,,,,A-Rosa
PATTI SANDILAND,13-7889523,MUXO,GUATEMALA,GERMANY,20220327,,Hotel,6,,,,,,,,,,,,,EuroHike
SHEPPARD SPERING,28-9648773,FLASHPOINT,PHILIPPINES,FRANCE,20210419,,Hotel,4,,,,,,,,,,,,,Globus
TEMP JANSENS,63-5900384,BROWSEDRIVE,NORWAY,PORTUGAL,20220513,,Hotel,1,,,,,,,,,,,,,Globus
ANDROMACHE CARWARDINE,80-7869415,TRUDOO,CHINA,PORTUGAL,20220903,,Hotel,7,,,,,,,,,,,,,Globus
ODE MAYER,76-0107610,ZOOVEO,RUSSIA,UK,20190202,,Hotel,5,,,,,,,,,,,,,Globus
JEANNIE MENURE,63-6033983,OMBA,FRANCE,GERMANY,20190904,,Hotel,3,,,,,,,,,,,,,Globus
SAYERS WASON,94-9645554,BLOGTAGS,PORTUGAL,GERMANY,20200417,,Hotel,4,,,,,,,,,,,,,Globus
EWAN BOURLEY,54-6896209,BROWSEBLAB,USA,UK,20210620,,Hotel,9,,,,,,,,,,,,,EuroHike
SARAANN THORNELOE,52-0578309,KIMIA,CHINA,FRANCE,20190113,,Hotel,3,,,,,,,,,,,,,Cosmos
DANIKA CLEMO,42-4808479,FLIPTUNE,INDONESIA,USA,20220529,,Hotel,5,,,,,,,,,,,,,Trafalgar
NORAH ROGEZ,31-1242695,VIVA,INDONESIA,USA,20190917,,Hotel,2,,,,,,,,,,,,,Cosmos
ZARAH YELE,76-2133816,PODCAT,INDONESIA,USA,20220531,,Hotel,6,,,,,,,,,,,,,A-Rosa
EBA WAYCOT,21-4357890,SKAJO,LAOS,FRANCE,20180621,,Hotel,4,,,,,,,,,,,,,Cosmos
ISIDORE KITTMAN,08-7103710,WORDTUNE,INDONESIA,GERMANY,20181110,,Hotel,1,,,,,,,,,,,,,Trafalgar
AUROORA GUIRARDIN,77-9747545,QUAXO,JAPAN,GERMANY,20201021,,Hotel,7,,,,,,,,,,,,,EuroHike
NOBLE PAVLISHCHEV,01-4382595,COGILITH,MALAYSIA,FRANCE,20200925,,Hotel,5,,,,,,,,,,,,,EuroHike
OBADIAS LUQUET,98-3017381,THOUGHTSPHERE,PHILIPPINES,USA,20200728,,Hotel,3,,,,,,,,,,,,,EuroHike
MELESSA SPELLWARD,47-0389258,BROWSETYPE,CHINA,UK,20180228,,Hotel,4,,,,,,,,,,,,,Globus
HEWIE LYMER,96-5342555,INNOZ,CHILE,INDIA,20220827,,Hotel,9,,,,,,,,,,,,,Globus
ROZANNE BULPITT,80-4448015,BRIGHTBEAN,MALAYSIA,USA,20200127,,Hotel,3,,,,,,,,,,,,,Globus
WYLMA SARFAS,84-8804766,ZOONOODLE,USA,UK,20210626,,Hotel,5,,,,,,,,,,,,,Globus
UMBERTO SPINIGE,40-1492468,JETPULSE,USA,UK,20190419,,Hotel,2,,,,,,,,,,,,,A-Rosa
HOMERE LOINS,08-7644172,SKIPTUBE,CHINA,FRANCE,20181019,,Hotel,6,,,,,,,,,,,,,A-Rosa
MEREDETH TINSLEY,10-6859872,AVAMBA,CHINA,BELGIUM,20181106,,Hotel,4,,,,,,,,,,,,,A-Rosa
TRESSA CANET,06-1900177,EAYO,INDONESIA,USA,20210211,,Hotel,1,,,,,,,,,,,,,Globus
CHEV LEMAN,43-7226410,NTAGS,GABON,FRANCE,20200427,,Hotel,7,,,,,,,,,,,,,Globus
CLARE CREBBIN,33-5499772,EABOX,ARGENTINA,GERMANY,20190121,,Hotel,5,,,,,,,,,,,,,Globus
BORD NELSON,15-8011243,JAYO,PHILIPPINES,GERMANY,20190717,,Hotel,3,,,,,,,,,,,,,A-Rosa
WHITNEY STEELY,21-5654134,FEEDFISH,NICARAGUA,FRANCE,20211030,,Hotel,4,,,,,,,,,,,,,Trafalgar
FRAN SYBE,30-4218115,TEKFLY,LIBERIA,USA,20190302,,Hotel,9,,,,,,,,,,,,,A-Rosa
KEELBY WINSTON,02-2855067,VOOMM,POLAND,USA,20180814,,Hotel,5,,,,,,,,,,,,,Globus
