investee_company,investee_region,total_revenue,year,investee_sector,percentage_of_revenue_in_this_sector
Welco,UK,6000000,2022,Pump Manufacturing,0.8
Citroen,FRANCE,3000000,2018,Car Manufacturing,1
Roche Holding AG,SWITZERLAND,14543000,2019,Pharmaceutical,0.95
BMW,GERMANY,450986574,2022,Car Manufacturing,1
Cocomad,SPAIN,89000,2018,Bakery,1
JLG,NETHERLANDS,1980000,2020,Real Estate,0.6
Shell,UK,5450000,2019,Petrolium,0.75
Unilever,UK,1150986574,2022,FMGC,0.53
Enge SA,FRANCE,7543000,2018,Power Generation,0.8
Nestle,SWITZERLAND,950986574,2021,FMGC,0.63
SKODA,GERMANY,250986574,2020,Car Manufacturing,1
Carlin,SPAIN,100000,2022,Stationery Manufacturing,1
Ageon,NETHERLANDS,350986574,2018,Insurance,0.86
Lakme,UK,1967800,2021,Beauty,0.91
