investor_name,investor_sector,investor_region,investee_company,investee_sector,investee_region,investment_type,year,equity_ownership
HSBC,Banking,UK,Welco,Pump Manufacturing,UK,Subsidiary,2022,0.65
BNP Paribas,Banking,FRANCE,Citroen,Car Manufacturing,FRANCE,Associate Company,2018,0.32
UBS,Banking,SWITZERLAND,Roche Holding AG,Pharmaceutical,SWITZERLAND,JV,2019,0.5
Deustch,Banking,GERMANY,BMW,Car Manufacturing,GERMANY,NFCNI,2022,0.17
Banco Santander,Banking,SPAIN,Cocomad,Bakery,SPAIN,JV,2018,0.5
ING,Banking,NETHERLANDS,JLG,Real Estate,NETHERLANDS,Associate Company,2020,0.23
Lloyds,Banking,UK,Shell,Petrolium,UK,Subsidiary,2019,0.51
HSBC,Banking,UK,Unilever,FMGC,UK,JV,2022,0.5
BNP Paribas,Banking,FRANCE,Enge SA,Power Generation,FRANCE,Associate Company,2018,0.29
UBS,Banking,SWITZERLAND,Nestle,FMGC,SWITZERLAND,Subsidiary,2021,0.71
Deustch,Banking,GERMANY,SKODA,Car Manufacturing,GERMANY,NFCNI,2020,0.12
Banco Santander,Banking,SPAIN,Carlin,Stationery Manufacturing,SPAIN,JV,2022,0.5
ING,Banking,NETHERLANDS,Ageon,Insurance,NETHERLANDS,Subsidiary,2018,0.57
Lloyds,Banking,UK,Lakme,Beauty,UK,Associate Company,2021,0.33
