investee_company,investee_region,year,scope_1_emissions,scope_2_emissions
Welco,UK,2022,3996500,6167900
Citroen,FRANCE,2018,790000,560000
Roche Holding AG,SWITZERLAND,2019,3896500,6567900
BMW,GERMANY,2022,890000,560000
Cocomad,SPAIN,2018,,
JLG,NETHERLANDS,2020,19000,11000
Shell,UK,2019,1897679,874531
Unilever,UK,2022,4579800,987400
Enge SA,FRANCE,2018,9897679,9874531
Nestle,SWITZERLAND,2021,3579800,787400
SKODA,GERMANY,2020,1000000,780000
Carlin,SPAIN,2022,800000,600000
Ageon,NETHERLANDS,2018,,
Lakme,UK,2021,35000,29000
