country,year,waste_type,waste_produced_in_tonnes,water_waste_produced_in_m3,waste_treatment,scope,calculation_method,carbon_emission(kgCo2e)
India,2020,Plastic,2000.0,0.0,Landfill,3,waste-types pecific method,84666.667
Germany,2022,Plastic,3000.0,0.0,Landfill,3,waste-types pecific method,127000.0
US,2018,Plastic,4500.0,0.0,Landfill,3,waste-types pecific method,190500.0
India,2021,Water disposal,0.0,3600.0,Wastewater,3,waste-types pecific method,1350.0
Germany ,2021,Water disposal,0.0,8000.0,Wastewater,3,waste-types pecific method,3000.0
US,2021,Water disposal,0.0,9000.0,Wastewater,3,waste-types pecific method,3375.0
UK,2019,Water disposal,0.0,8000.0,Wastewater,3,Average Method,3000.0
India,2022,Plastic,2500.0,0.0,Incinerated with energy recovery,3,waste-types pecific method,6250.0
US,2019,Plastic,5000.0,0.0,Incinerated with energy recovery,3,waste-types pecific method,12500.0
Germany,2020,Plastic,4000.0,0.0,Recycled,3,waste-types pecific method,19000.0
US,2022,Plastic,4000.0,0.0,Recycled,3,waste-types pecific method,19000.0
UK,2019,Plastic,2500.0,0.0,Recycled,3,Average Method,11875.0
UK,2019,Plastic,2500.0,0.0,Recycled,3,Average Method,11875.0
