﻿country,year,waste_type,waste_produced_in_tonnes,water_waste_produced_in_m3,waste_treatment
India,2020,Plastic,2000,,Landfill
India,2021,Water disposal,,3600,Wastewater
India,2022,Plastic,2500,,Incinerated with energy recovery
Germany,2020,Plastic,4000,,Recycled
Germany ,2021,Water disposal,,8000,Wastewater
Germany,2022,Plastic,3000,,Landfill
US,2021,Water disposal,,9000,Wastewater
US,2022,Plastic,4000,,Recycled
US,2019,Plastic,5000,,Incinerated with energy recovery
US,2018,Plastic,4500,,Landfill
UK,2019,Water disposal,,8000,Wastewater
UK,2019,Plastic,2500,,Recycled
UK,2019,Plastic,2500,,Recycled
