﻿Work Region/Country,Methodology Reference,Vehicle Category,Vehicle Sub-Category,Fuel Type,OLD Vehicle Model Year,Vehicle Model Year - From,Vehicle Model Year - To,Vehicle Model Year,Journey Type,Goods Vehicle Percentage Laden,Goods Vehicle weight (Tonne) - Minimum Value,Goods Vehicle weight (Tonne) - Maximum Value,Year,Goods Vehicle weight (Tonne),Emissions Factor (kgCO2vkm-1),Emissions Factor (kgCH4vkm-1),Emissions Factor (kgN2Ovkm-1),"Biofuel Emissions Factor 
(kgCO2unit-1)",Electricity Emissions Factor (kgCO2vkm-1),Electricity Emissions Factor (kgCH4vkm-1),Electricity Emissions Factor (kgN2Ovkm-1),"Out of Scope Emissions Factor 
(kgCO2eunit-1)","Supply Chain Emissions Factor 
(kgCO2eunit-1)","Production SC Emissions Factor 
(kgCO2eunit-1)","Biofuel SC Emissions Factor 
(kgCO2eunit-1)","Transmission Emissions Factor 
(kgCO2vkm-1)","Transmission Emissions Factor 
(kgCH4vkm-1)","Transmission Emissions Factor 
(kgN2Ovkm-1)",Emissions Factor Source
Germany,Defra,Car,All,Battery Electric Vehicle,All,,,,,All,,,2021,All,0,0,0,,0.062,0.00023,0.0004,,0.01775,,,0.00549,0.00002,0.00004,Defra 2021
India,Defra,Car,Executive,Battery Electric Vehicle,All,,,,,All,,,2022,All,0,0,0,,0.05449,0.00023,0.0004,,0.01775,,,0.00499,0.00002,0.00004,Defra 2022
India,Defra,Car,Dual Purpose 4x4,CNG,All,,,,,All,,,2022,All,0.20559,0.00009,0.00148,,,,,,0.05265,,,,,,Defra 2021
India,Defra,Car,Dual purpose 4X4,CNG,All,,,,,All,,,2022,All,0.20361,0.00009,0.00148,,,,,,0.05265,,,,,,Defra 2022
Germany,Defra,Car,Dual Purpose 4x4,Diesel,All,,,,,All,,,2022,All,0.20188,0.00000414,0.00188,,,,,,0.04974,,,,,,Defra 2021
India,Defra,Car,Dual Purpose 4x4,Diesel,All,,,,,All,,,2022,All,0.2018,0.00000414,0.00188,,,,,,0.04974,,,,,,Defra 2022
India,Defra,Car,Dual Purpose 4x4,Diesel,All,,,,,All,,,2022,All,0.20188,0.00000414,0.00188,,,,,,0.04974,,,,,,Defra 2021
India,Defra,Car,Dual Purpose 4x4,Diesel,All,,,,,All,,,2022,All,0.2018,0.00000414,0.00188,,,,,,0.04974,,,,,,Defra 2022
Germany,Defra,Car,Dual Purpose 4x4,Ethanol,All,,,,,All,,,2022,All,0.20559,0.00009,0.00148,,,,,,0.05265,,,,,,Defra 2021
India,Defra,Car,Dual purpose 4X4,Ethanol,All,,,,,All,,,2022,All,0.20361,0.00009,0.00148,,,,,,0.05265,,,,,,Defra 2022
Germany,Defra,Car,Executive,LNG,All,,,,,All,,,2022,All,0.20559,0.00009,0.00148,,,,,,0.05265,,,,,,Defra 2021
India,Defra,Car,Dual purpose 4X4,LNG,All,,,,,All,,,2022,All,0.20361,0.00009,0.00148,,,,,,0.05265,,,,,,Defra 2022
India,Defra,Car,Dual Purpose 4x4,LPG,All,,,,,All,,,2022,All,0.20559,0.00009,0.00148,,,,,,0.05265,,,,,,Defra 2021
Germany,Defra,Car,Dual purpose 4X4,LPG,All,,,,,All,,,2022,All,0.20361,0.00009,0.00148,,,,,,0.05265,,,,,,Defra 2022
India,Defra,Car,All,Petrol,All,,,,,All,,,2022,All,0.2159,0.00032,0.00036,,,,,,0.06074,,,,,,Defra 2021
India,Defra,Car,All,Petrol,All,,,,,All,,,2022,All,0.20992,0.00032,0.00036,,,,,,0.06074,,,,,,Defra 2022
Germany,Defra,Car,All,Petrol,All,,,,,All,,,2022,All,0.2159,0.00032,0.00036,,,,,,0.06074,,,,,,Defra 2021
India,Defra,Car,All,Petrol,All,,,,,All,,,2022,All,0.20992,0.00032,0.00036,,,,,,0.06074,,,,,,Defra 2022
India,Defra,Car,Dual Purpose 4x4,Plug in Hybrid,All,,,,,All,,,2022,All,0.07635,0.00025,0.00024,,0.02743,0.0001,0.00018,,0.02932,,,0.00243,0.00001,0.00002,Defra 2021
Germany,Defra,Car,Dual purpose 4X4,Plug in Hybrid,All,,,,,All,,,2022,All,0.07422,0.00025,0.00024,,0.02629,0.0001,0.00018,,0.02932,,,0.00241,0.00001,0.00002,Defra 2022
India,Defra,Car,Dual Purpose 4x4,Unknown,All,,,,,All,,,2022,All,0.20559,0.00009,0.00148,,,,,,0.05265,,,,,,Defra 2021
India,Defra,Car,Dual purpose 4X4,Unknown,All,,,,,All,,,2022,All,0.20361,0.00009,0.00148,,,,,,0.05265,,,,,,Defra 2022
India,Defra,Car,Executive,CNG,All,,,,,All,,,2022,All,0.18417,0.00008,0.00152,,,,,,0.04724,,,,,,Defra 2021
Germany,Defra,Car,Executive,CNG,All,,,,,All,,,2021,All,0.18387,0.00008,0.00152,,,,,,0.04724,,,,,,Defra 2022
