﻿Employee Name,Employee Id,Work Region/Country,Organization Name,Role
Liam,10,Germany,Sopra Steria,HR Executive
Noah,11,Germany,Sopra Steria,Software Developer
Oliver,12,Germany,Sopra Steria,Data Analytics
Theodore,13,Germany,Sopra Steria,Data Enginner 
Sanjeev,14,India,Sopra Steria,Data Scientist
James,15,Germany,Sopra Steria,Senior Manager 
Elijah,16,Germany,Sopra Steria,HR Executive
Sharad,17,India,Sopra Steria,Software Developer
William,18,Germany,Sopra Steria,Data Scientist
Karan,19,India,Sopra Steria,Senior Manager 
Benjamin,20,Germany,Sopra Steria,Data Analytics
Rahul,21,India,Sopra Steria,Senior Manager 
Lucas,22,Germany,Sopra Steria,Data Scientist
Dinesh,23,India,Sopra Steria,HR Executive
Henry,24,Germany,Sopra Steria,Data Analytics
Dilip,25,India,German Bank,Data Analytics
Thothatri,26,Germany,Sopra Steria,Data Analytics
