﻿Employee Name,Employee Id,Work Region/Country,Organization Name,Distance between home and Office in Km,Total Weeks Travel/ Year,Telework Weeks / Year,Telework Weeks in winter / Year,Telework Weeks in Summer / Year,Telework Days/Week,Total of days travelled/week,Travelled with Pool (Y/N)?,No of Emp in Group,No of Days Travelled in Pool/Week,No of Weeks Travelled in Pool/Year
Liam,10,Germany,Sopra Steria,10,48,,,,,5,N,,,
Noah,11,Germany,Sopra Steria,11,47,4,2,2,1,4,N,,,
Oliver,12,Germany,Sopra Steria,12,48,5,3,2,2,3,N,,,
Theodore,13,Germany,Sopra Steria,13,46,6,3,3,3,5,N,,,
Sanjeev,14,India,Sopra Steria,19,42,6,3,3,1,3,N,,,
James,15,Germany,Sopra Steria,23,41,,,,,2,N,,,
Elijah,16,Germany,Sopra Steria,28,45,,,,,3,Y,2,2,4
Sharad,17,India,Sopra Steria,12,43,3,2,1,1,4,N,,,
William,18,Germany,Sopra Steria,14,42,,,,,5,N,,,
Karan,19,India,Sopra Steria,14,41,,,,,2,N,,,
Benjamin,20,Germany,Sopra Steria,18,40,6,4,2,1,3,N,,,
Rahul,21,India,Sopra Steria,19,42,,,,,4,N,,,
Lucas,22,Germany,Sopra Steria,34,43,,,,,5,N,,,
Dinesh,23,India,Sopra Steria,13,44,6,4,2,1,5,N,,,
Henry,24,Germany,Sopra Steria,12,40,2,1,1,1,5,N,,,
Dilip,25,India,German Bank,10,45,,,,,5,N,,,
Thothatri,26,Germany,Sopra Steria,17,45,,,,,5,N,,,
