﻿Employee Name,Employee Id,Work Region/Country,Organization Name,Vehicle Category,Vehicle Sub-Category,Fuel Type,Vehicle Country,Vehicle Manufacturer,Vehicle Manufacturer Year,Vehicle Model Year,Distance Travelled with this Vehicle/Day,Ammount Spent On Fuel($),Fuel Efficiency(L/Km),Quantity Of Electricity Consumed(Kwh/Km),Year
Liam,10,Germany,Sopra Steria,Car,Executive,CNG,Germany,Ford,2015,2015,10,10000,0.05,,2022
Noah,11,Germany,Sopra Steria,Motorbike,All,Petrol,Germany,Royal Enfield,2017,2017,11,15000,0.083,,2022
Oliver,12,Germany,Sopra Steria,Motorbike,All,Petrol,Germany,Hero,2017,2017,12,18000,0.062,,2022
Theodore,13,Germany,Sopra Steria,Car,Executive,LNG,Germany,Honda,2011,2011,13,13000,0.028,,2022
Sanjeev,14,India,Sopra Steria,Motorbike,All,Petrol,India,Royal Enfield,2010,2010,19,11000,0.083,,2022
James,15,Germany,Sopra Steria,Light Rail and Tram,Hybrid (Average),Diesel,Germany,N/A,2012,2012,23,14000,0.066,,2022
Elijah,16,Germany,Sopra Steria,Taxi,All,All,Germany,N/A,2008,2008,28,15000,0.04,,2022
Sharad,17,India,Sopra Steria,Bus,Coach,All,India,N/A,2009,2009,12,18000,0.037,,2022
William,18,Germany,Sopra Steria,Motorbike,Hybrid (Medium),Petrol,Germany,Hero,2007,2007,14,16500,0.0714,,2022
Karan,19,India,Sopra Steria,Taxi,All,All,India,N/A,2019,2019,14,7000,0.055,,2022
Benjamin,20,Germany,Sopra Steria,Motorbike,Hybrid (Small),Petrol,Germany,Honda,2011,2011,18,15400,0.066,,2022
Rahul,21,India,Sopra Steria,Light Rail,Hybrid (Small),Diesel,India,Royal Enfield,2017,2017,19,13800,0.0714,,2022
Lucas,22,Germany,Sopra Steria,Motorbike,All,Petrol,Germany,Honda,2015,2015,34,14200,0.0625,,2022
Dinesh,23,India,Sopra Steria,Car,All,Petrol,India,Mercedes,2019,2019,13,18900,0.0714,,2022
Henry,24,Germany,Sopra Steria,Bus,Coach,All,Germany,Eicher,2019,2019,12,7600,0.055,,2022
Dilip,25,India,German Bank,Car,Executive,Battery Electric Vehicle,India,Ford,2018,2018,10,5000,,0.156,2022
Thothatri,26,Germany,Sopra Steria,Car,All,Battery Electric Vehicle,Germany,Honda,2017,2017,17,6500,,0.121,2021
