﻿Work Region/Country,Methodology Reference,Vehicle Category,Vehicle Sub-Category,Fuel Type,OLD Vehicle Model Year,Vehicle Model Year - From,Vehicle Model Year - To,Vehicle Model Year,Journey Type,Goods Vehicle Percentage Laden,Goods Vehicle weight (Tonne) - Minimum Value,Goods Vehicle weight (Tonne) - Maximum Value,Year,Goods Vehicle weight (Tonne),Emissions Factor (kgCO2vkm-1),Emissions Factor (kgCH4vkm-1),Emissions Factor (kgN2Ovkm-1),"Biofuel Emissions Factor 
(kgCO2unit-1)",Electricity Emissions Factor (kgCO2vkm-1),Electricity Emissions Factor (kgCH4vkm-1),Electricity Emissions Factor (kgN2Ovkm-1),"Out of Scope Emissions Factor 
(kgCO2eunit-1)","Supply Chain Emissions Factor 
(kgCO2eunit-1)","Production SC Emissions Factor 
(kgCO2eunit-1)","Biofuel SC Emissions Factor 
(kgCO2eunit-1)","Transmission Emissions Factor 
(kgCO2vkm-1)","Transmission Emissions Factor 
(kgCH4vkm-1)","Transmission Emissions Factor 
(kgN2Ovkm-1)",Emissions Factor Source
India,Defra,Motorbike,Large (>500cc),Petrol,All,,,,,All,,,2022,All,0.13072,0.00113,0.0006,,,,,,0.03678,,,,,,Defra 2021-2022
Germany,Defra,Motorbike,Lower Medium (50-125cc),Petrol,All,,,,,All,,,2022,All,0.08094,0.00156,0.00056,,,,,,0.02277,,,,,,Defra 2021-2022
India,Defra,Motorbike,Small (<50 cc),Petrol,All,,,,,All,,,2022,All,0.08094,0.00156,0.00056,,,,,,0.02277,,,,,,Defra 2021-2022
India,Defra,Motorbike,All,Petrol,All,,,,,All,,,2022,All,0.11138,0.00158,0.00059,,,,,,0.03134,,,,,,Defra 2021-2022
Germany,Defra,Motorbike,Upper Medium (125-500cc),Petrol,All,,,,,All,,,2022,All,0.09826,0.00204,0.0006,,,,,,0.02765,,,,,,Defra 2021-2022
Germany,GHG,Motorbike,All,Petrol,1996-Present,1996,,,,All,,,2022,All,0.10911305,0.00116918,0.00143099,,,,,,,,,,,,EPA 2014-2018
India,Defra,Motorbike,Hybrid (Medium),Petrol,All,,,,,All,,,2022,All,0.08094,0.00156,0.00056,,,,,,0.02277,,,,,,Defra 2021-2022
India,Defra,Motorbike,Hybrid (Small),Petrol,All,,,,,All,,,2022,All,0.11138,0.00158,0.00059,,,,,,0.03134,,,,,,Defra 2021-2022
Germany,Defra,Motorbike,Hybrid (Medium),Petrol,All,,,,,All,,,2022,All,0.09826,0.00204,0.0006,,,,,,0.02765,,,,,,Defra 2021-2022
Germany,GHG,Motorbike,Hybrid (Small),Petrol,1996-Present,1996,,,,All,,,2022,All,0.10911305,0.00116918,0.00143099,,,,,,,,,,,,EPA 2014-2018
