﻿Country / Region,Methodology Reference,Vehicle Category,Fuel Type,Vehicle Sub-Category,Year,Emissions Factor (kgCO2pkm-1),Emissions Factor (kgCH4pkm-1),Electricity Emissions Factor (kgCO2pkm-1),Emissions Factor (kgN2Opkm-1),"Supply Chain Emissions Factor 
(kgCO2epkm-1)",Emissions Factor Source
Germany,Defra,International Rail,Diesel,,2022,0.00441,0.00002,,0.00003,0.00116,Defra 2021-2022
India,Defra,International Rail,Battery Electricity Vehicle,,2022,0.02832,0.00011,0.09,0.00018,0.00745,Defra 2021-2022
Germany,Defra,Light Rail and Tram,Diesel,Hybrid (Average),2022,0.02832,0.00011,0.09,0.00018,0.00745,Defra 2021-2022
India,Defra,Light Rail and Tram,Battery Electricity Vehicle,,2022,0.0351,0.00007,0.09,0.00032,0.00892,Defra 2021-2022
Germany,GHG,Light Rail,Diesel,Hybrid (Small),2022,0.10128376,0.00006959,,0.0003293,,GHG Protocol 2009-2017
India,GHG,Light Rail,Diesel,Hybrid (Small),2022,0.10128376,0.00006959,0.09,0.0003293,,GHG Protocol 2009-2017
Germany,GHG,National Rail,Battery Electricity Vehicle,,2022,0.11495396,0.0000348,0.09,0.00016466,,GHG Protocol 2009-2017
India,GHG,National Rail,Battery Electricity Vehicle,,2022,0.11495396,0.0000348,0.09,0.00016466,,GHG Protocol 2009-2017
Germany,GHG,Subways,Diesel,,2022,0.10128376,0.00006959,,0.0003293,,GHG Protocol 2009-2017
India,GHG,Subways,Diesel,,2022,0.10128376,0.00006959,,0.0003293,,GHG Protocol 2009-2017
Germany,GHG,Tram,Diesel,,2022,0.10128376,0.00006959,,0.0003293,,GHG Protocol 2009-2017
India,GHG,Tram,Diesel,,2022,0.10128376,0.00006959,,0.0003293,,GHG Protocol 2009-2017
