﻿Employee Name,Employee Id,Work Region/Country,Organization Name,Total Weeks Travel/ Year,Total of days travelled/week,Telework Weeks / Year,Telework Weeks in winter / Year,Telework Weeks in Summer / Year,Telework Days/Week,Year
Liam,10,Germany,Sopra Steria,48,5,,,,,2022
Noah,11,Germany,Sopra Steria,47,4,4,2,2,1,2022
Oliver,12,Germany,Sopra Steria,48,3,5,3,2,2,2022
Theodore,13,Germany,Sopra Steria,46,5,6,3,3,3,2022
Sanjeev,14,India,Sopra Steria,42,3,6,3,3,1,2022
James,15,Germany,Sopra Steria,41,2,,,,,2022
Elijah,16,Germany,Sopra Steria,45,3,,,,,2022
Sharad,17,India,Sopra Steria,43,4,3,2,1,1,2022
William,18,Germany,Sopra Steria,42,5,,,,,2022
Karan,19,India,Sopra Steria,41,2,,,,,2022
Benjamin,20,Germany,Sopra Steria,40,3,6,4,2,1,2022
Rahul,21,India,Sopra Steria,42,4,,,,,2022
Lucas,22,Germany,Sopra Steria,43,5,,,,,2022
Dinesh,23,India,Sopra Steria,44,5,6,4,2,1,2022
Henry,24,Germany,Sopra Steria,40,5,2,1,1,1,2022
Dilip,25,India,German Bank,45,5,,,,,2022
Thothatri,26,Germany,Sopra Steria,45,5,,,,,2022
