reporting_financial_company_name,account_holder_name,account_number,contact_number,account_holder_type,correspondance_address,account_type,country
DNB Bank,Meline,3521465479,81457112,Individual,dummy address 1,Savings,Norway
Banco BIG,Anae,4563214879,81123598,Individual,dummy address 2,Savings,Portugal
Banco Santander,Penelope,5621473298,81457112,Individual,dummy address 3,Savings,Spain
Banco BAI Europa,Ku,3124569734,81123569,Individual,dummy address 4,Savings,Portugal
Deutsche Bank,Micheal,9654213765,81457159,Joint,dummy address 5,Savings,Germany
Royal Bank of Scotland,Melia,6542137893,81123589,Individual,dummy address 6,Savings,United Kingdom
BNP Paribas,Nehemie,2036540197,81457113,Individual,dummy address 7,Savings,France
UniCredit Bank Austria AG,Goran,9065321743,81123585,Individual,dummy address 8,Savings,Austria
Danske Bank,Gosta,3521465449,81457135,Individual,dummy address 9,Savings,Denmark
Eurobank,Naelle Group of Companies Ltd.,4563214819,81123593,Business,dummy address 10,Current,Greece
ING Bank,Publicite Group of Companies Ltd.,5621473468,81457109,Business,dummy address 11,Current,Belgium
Intesa Sanpaolo Bank,Judicael Group of Companies Ltd.,3124569374,81123601,Business,dummy address 12,Current,Luxemberg
Barclays,Dafnee Group of Companies Ltd.,9654213145,81457121,Business,dummy address 13,Current,United Kingdom
BNP Paribas,Athena Group of Companies Ltd.,6542134593,81123609,Business,dummy address 14,Current,France
Erste Group Bank,Becassine Group of Companies Ltd.,2036548597,81457120,Business,dummy address 15,Current,Austria
Danske Bank,Marie81therese Group of Companies Ltd.,9065325343,81123612,Business,dummy address 16,Current,Denmark
AXA Banque,Ruo Group of Companies Ltd.,6549837893,81457125,Business,dummy address 17,Current,France
Eurobank,Berangere Group of Companies Ltd.,2034240197,81123587,Business,dummy address 18,Current,Greece
Commerzbank,Gisele Group of Companies Ltd.,9065091743,81457175,Business,dummy address 19,Current,Germany
DNB Bank,Laurene Group of Companies Ltd.,6570134593,81123643,Business,dummy address 20,Current,Norway
HDFC Bank,Yazhan Group of Companies Ltd.,9804534593,81125143,Business,dummy address 21,Current,India
