country,car_year,vehicle_type,make,model,fuel_type,version,vehicle_mass,engine_capacity,efficiency_of_vehicle
Norway,2020,Car - Sedan,Volkswagen,ARTEON,Petrol,FD7FD7GC006V4BFVR21C0B,1600,1984,0.06
Portugal,2020,Car - Hatchback,Skoda,Citigo,Petrol,FM5FM5CF0117CPVR2N1SSK1BO,945,999,0.04
Spain,2020,Car - Hatchback,Volkswagen,POLO 20 GTI AUT,Petrol,FD6FD6D9011S0VR24BF1EA0,1350,1984,0.06
Portugal,2020,Car - Sedan,Volkswagen,ARTEON,Petrol,FD7FD7GC005V7CPVR21COA,1556,1498,0.05
Germany,2020,Car - Hatchback,Skoda,Citigo,Petrol,FM5FM5CF0117CPVR2N1SSK1BO,945,999,0.04
United Kingdom,2020,Car - Hatchback,Volkswagen,Beetle,Petrol,SGFM52J061M41N1,1322,1595,0.056
France,2020,Car - Sedan,Volkswagen,ARTEON,Petrol,FD7FD7GC006V4BFVR21C0B,1600,1984,0.06
Austria,2020,Car - Hatchback,Skoda,Citigo,Petrol,FM5FM5CF0117CPVR2N1SSK1B,936,999,0.04
Denmark,2020,Car - Sedan,Volkswagen,ARTEON,Petrol,FD7FD7GC005V7CPVR21COA,1556,1498,0.05
Greece,2020,Car - SUV,Volkswagen,TIGUAN LIFE TSI S-A,Petrol,FD7FD7GC008N5N1TVR24BI1ASA0M1G,1583,1498,0.06
Belgium,2020,Car - SUV,Volkswagen,SHARAN SE NAVIGATION TSI S-A,Petrol,FD6FD62E0274BFN7VW1CA,1827,1395,0.06
Luxemberg,2020,Car - SUV,Volkswagen,SHARAN SE NAVIGATION TSI S-A,Petrol,FD6FD62E0274BFN7VW1CA,1854,1395,0.06
United Kingdom,2020,Car - SUV,Volkswagen,SHARAN SE NAVIGATION TSI S-A,Petrol,FD6FD62E0274BFN7VW1CA,1827,1395,0.06
France,2020,Car - SUV,Volkswagen,TIGUAN LIFE TSI S-A,Petrol,FD7FD7GC008N5N1TVR24BI1ASA0M1G,1583,1498,0.06
Austria,2020,Car - Sedan,Volkswagen,ARTEON,Petrol,FD7FD7GC005V7CPVR21COA,1556,1498,0.05
Denmark,2020,Car - SUV,Volkswagen,T-ROC R-LINE TSI EVO S-A,Petrol,FD7FD7CW0024BI1CBNN0,1417,1498,0.05
France,2020,Car - SUV,Volkswagen,T-ROC R-LINE TSI EVO S-A,Petrol,FD7FD7CW0024BI1CBNN0,1417,1498,0.05
Greece,2020,Car - SUV,Tripod,Rifter,Petrol,NA,1587,1199,0.0455
Germany,2020,Car - SUV,Volkswagen,TIGUAN LIFE TSI S-A,Petrol,FD7FD7GC008N5N1TVR24BI1ASA0M1G,1583,1498,0.06
Norway,2020,Car - Sedan,Volkswagen,ARTEON,Petrol,FD7FD7GC005V7CPVR21COA,1556,1498,0.05
India,2020,Car - SUV,Volkswagen,T-ROC R-LINE TSI EVO S-A,Petrol,FD7FD7CW0024BI1CBNN0,1417,1498,0.05
