fuel_type,min_manufactured_year_range,max_manufactured_year_range,min_cc_range,max_cc_range,emission_factor,unit
Petrol,2015,2030,0,1350,0.184,kgCO2e/km
Petrol,2015,2030,1350,1600,0.198,kgCO2e/km
Petrol,2015,2030,1600,2000,0.267,kgCO2e/km
Petrol,2015,2030,2000,3000,0.282,kgCO2e/km
Petrol,2015,2030,3000,15000,0.322,kgCO2e/km
Diesel,2015,2030,0,1350,0.189,kgCO2e/km
Diesel,2015,2030,1350,1600,0.182,kgCO2e/km
Diesel,2015,2030,1600,2000,0.242,kgCO2e/km
Diesel,2015,2030,2000,3000,0.259,kgCO2e/km
Diesel,2015,2030,3000,15000,0.262,kgCO2e/km
Petrol hybrid,2015,2030,0,1350,0.144,kgCO2e/km
Petrol hybrid,2015,2030,1350,1600,0.155,kgCO2e/km
Petrol hybrid,2015,2030,1600,2000,0.208,kgCO2e/km
Petrol hybrid,2015,2030,2000,3000,0.221,kgCO2e/km
Petrol hybrid,2015,2030,3000,15000,0.252,kgCO2e/km
Diesel hybrid,2015,2030,0,1350,0.17,kgCO2e/km
Diesel hybrid,2015,2030,1350,1600,0.163,kgCO2e/km
Diesel hybrid,2015,2030,1600,2000,0.217,kgCO2e/km
Diesel hybrid,2015,2030,2000,3000,0.233,kgCO2e/km
Diesel hybrid,2015,2030,3000,15000,0.236,kgCO2e/km
