reporting_financial_company_name,account_holder_name,account_number,account_holder_type,account_type,loan_account_number,country,type_of_loan,vehicle_type,refinance,total_sanctioned_loan_amount_for_vehicle,calender_year,loan_disbursed_year,outstanding_amount,tenure_in_years,monthly_payment_amount,past_due_payments_in_months
DNB Bank,Meline,3521465479,Individual,Savings,6524565474,Norway,Motor Vehicle,Car - Sedan,No,17251,2020,2020,6900.399999,5,287.5166667,0
Banco BIG,Anae,4563214879,Individual,Savings,9566414873,Portugal,Motor Vehicle,Car - Hatchback,No,13450,2020,2020,5379.999999,5,224.1666667,0
Banco Santander,Penelope,5621473298,Individual,Savings,4622873299,Spain,Motor Vehicle,Car - Hatchback,No,13269,2020,2020,5307.6,5,221.15,0
Banco BAI Europa,Ku,3124569734,Individual,Savings,1129069732,Portugal,Motor Vehicle,Car - Sedan,No,16950,2020,2020,6780,5,282.5,0
Deutsche Bank,Micheal,9654213765,Joint,Savings,8658413760,Germany,Motor Vehicle,Car - Hatchback,No,13000,2020,2020,3250.000001,4,270.8333333,0
Royal Bank of Scotland,Melia,6542137893,Individual,Savings,5044237896,United Kingdom,Motor Vehicle,Car - Hatchback,No,12986,2020,2020,3246.499999,4,270.5416667,0
BNP Paribas,Nehemie,2036540197,Individual,Savings,1033040194,France,Motor Vehicle,Car - Sedan,No,17986,2020,2020,7194.399999,5,299.7666667,0
UniCredit Bank Austria AG,Goran,9065321743,Individual,Savings,6006721746,Austria,Motor Vehicle,Car - Hatchback,No,13254,2020,2020,5301.6,5,220.9,0
Danske Bank,Gosta,3521465449,Individual,Savings,4522865449,Denmark,Motor Vehicle,Car - Sedan,No,18500,2020,2020,7400.000001,5,308.3333333,0
Eurobank,Naelle Group of Companies Ltd.,4563214819,Business,Current,9566414819,Greece,Motor Vehicle,Car - SUV,No,42000,2020,2020,16800,5,700,0
Eurobank,Publicite Group of Companies Ltd.,5621473468,Business,Current,2622873468,Belgium,Motor Vehicle,Car - SUV,No,47500,2020,2020,23750,6,659.7222222,0
Intesa Sanpaolo Bank,Judicael Group of Companies Ltd.,3124569374,Business,Current,1129069374,Luxemberg,Motor Vehicle,Car - SUV,No,43652,2020,2020,21826,6,606.2777778,0
Barclays,Dafnee Group of Companies Ltd.,9654213145,Business,Current,7658413145,United Kingdom,Motor Vehicle,Car - SUV,No,44561,2020,2020,22280.5,6,618.9027778,0
BNP Paribas,Athena Group of Companies Ltd.,6542134593,Business,Current,3544234593,France,Motor Vehicle,Car - SUV,No,48952,2020,2020,24476,6,679.8888889,0
Erste Group Bank,Becassine Group of Companies Ltd.,2036548597,Business,Current,9032048597,Austria,Motor Vehicle,Car - Sedan,No,16750,2020,2020,8375,6,232.6388889,0
Danske Bank,Marie81therese Group of Companies Ltd.,9065325343,Business,Current,6060625343,Denmark,Motor Vehicle,Car - SUV,No,41256,2020,2020,20628,6,573,0
AXA Banque,Ruo Group of Companies Ltd.,6549837893,Business,Current,4549437893,France,Motor Vehicle,Car - SUV,No,49532,2020,2020,24766,6,687.9444444,0
Eurobank,Berangere Group of Companies Ltd.,2034240197,Business,Current,1038440197,Greece,Motor Vehicle,Car - SUV,No,41235,2020,2020,20617.5,6,572.7083333,0
Commerzbank,Gisele Group of Companies Ltd.,9065091743,Business,Current,6000091743,Germany,Motor Vehicle,Car - SUV,No,42513,2020,2020,21256.5,6,590.4583333,0
DNB Bank,Laurene Group of Companies Ltd.,6570134593,Business,Current,4572034593,Norway,Motor Vehicle,Car - Sedan,No,19250,2020,2020,9625,6,267.3611111,0
HDFC Bank,Yazhan Group of Companies Ltd.,9804534593,Business,Current,7572034593,India,Motor Vehicle,Car - SUV,No,39562,2020,2020,19781,6,549.4722222,0
