reporting_financial_company_name,account_holder_name,account_number,loan_account_number,country,calender_year,purpose_of_vehicle,vehicle_type,make,model,fuel_type,version,vehicle_mass,engine_capacity,efficiency_of_vehicle,car_year,units_consumed_per_month,estimated_fuel_consumption_per_month,estimated_distance_travel_per_month
DNB Bank,Meline,3521465479,6524565474,Norway,2020,Personal,Car - Sedan,Volkswagen,ARTEON,Petrol,FD7FD7GC006V4BFVR21C0B,1600,1984,0.06,2020,,,
Banco BIG,Anae,4563214879,9566414873,Portugal,2020,Family,Car - Hatchback,Skoda,Citigo,Petrol,FM5FM5CF0117CPVR2N1SSK1BO,945,999,0.04,2020,,,
Banco Santander,Penelope,5621473298,4622873299,Spain,2020,Personal,Car - Hatchback,Volkswagen,POLO   20   GTI AUT,Petrol,FD6FD6D9011S0VR24BF1EA0,1350,1984,0.06,2020,,,
Banco BAI Europa,Ku,3124569734,1129069732,Portugal,2020,Family,Car - Sedan,Volkswagen,ARTEON,Petrol,FD7FD7GC005V7CPVR21COA,1556,1498,0.05,2020,,,
Deutsche Bank,Micheal,9654213765,8658413760,Germany,2020,Personal,Car - Hatchback,Skoda,Citigo,Petrol,FM5FM5CF0117CPVR2N1SSK1BO,945,999,0.04,2020,,,
Royal Bank of Scotland,Melia,6542137893,5044237896,United Kingdom,2020,Family,Car - Hatchback,Volkswagen,Beetle,Petrol,SGFM52J061M41N1,1322,1595,0.056,2020,,,
BNP Paribas,Nehemie,2036540197,1033040194,France,2020,Personal,Car - Sedan,Volkswagen,ARTEON,Petrol,FD7FD7GC006V4BFVR21C0B,1600,1984,0.06,2020,,,
UniCredit Bank Austria AG,Goran,9065321743,6006721746,Austria,2020,Family,Car - Hatchback,Skoda,Citigo,Petrol,FM5FM5CF0117CPVR2N1SSK1B,936,999,0.04,2020,,,
Danske Bank,Gosta,3521465449,4522865449,Denmark,2020,Personal,Car - Sedan,Volkswagen,ARTEON,Petrol,FD7FD7GC005V7CPVR21COA,1556,1498,0.05,2020,,,
Eurobank,Naelle Group of Companies Ltd.,4563214819,9566414819,Greece,2020,Business,Car - SUV,Volkswagen,TIGUAN LIFE TSI S-A,Petrol,FD7FD7GC008N5N1TVR24BI1ASA0M1G,1583,1498,0.06,2020,,100,1000
Eurobank,Publicite Group of Companies Ltd.,5621473468,2622873468,Belgium,2020,Business,Car - SUV,Volkswagen,SHARAN SE NAVIGATION TSI S-A,Petrol,FD6FD62E0274BFN7VW1CA,1827,1395,0.06,2020,,110,1100
Intesa Sanpaolo Bank,Judicael Group of Companies Ltd.,3124569374,1129069374,Luxemberg,2020,Business,Car - SUV,Volkswagen,SHARAN SE NAVIGATION TSI S-A,Petrol,FD6FD62E0274BFN7VW1CA,1854,1395,0.06,2020,,98,980
Barclays,Dafnee Group of Companies Ltd.,9654213145,7658413145,United Kingdom,2020,Business,Car - SUV,Volkswagen,SHARAN SE NAVIGATION TSI S-A,Petrol,FD6FD62E0274BFN7VW1CA,1827,1395,0.06,2020,,95,950
BNP Paribas,Athena Group of Companies Ltd.,6542134593,3544234593,France,2020,Business,Car - SUV,Volkswagen,TIGUAN LIFE TSI S-A,Petrol,FD7FD7GC008N5N1TVR24BI1ASA0M1G,1583,1498,0.06,2020,,90,900
Erste Group Bank,Becassine Group of Companies Ltd.,2036548597,9032048597,Austria,2020,Business,Car - Sedan,Volkswagen,ARTEON,Petrol,FD7FD7GC005V7CPVR21COA,1556,1498,0.05,2020,,100,1200
Danske Bank,Marie81therese Group of Companies Ltd.,9065325343,6060625343,Denmark,2020,Business,Car - SUV,Volkswagen,T-ROC R-LINE TSI EVO S-A,Petrol,FD7FD7CW0024BI1CBNN0,1417,1498,0.05,2020,,150,1500
AXA Banque,Ruo Group of Companies Ltd.,6549837893,4549437893,France,2020,Business,Car - SUV,Volkswagen,T-ROC R-LINE TSI EVO S-A,Petrol,FD7FD7CW0024BI1CBNN0,1417,1498,0.05,2020,,110,1100
Eurobank,Berangere Group of Companies Ltd.,2034240197,1038440197,Greece,2020,Business,Car - SUV,Tripod,Rifter,Petrol,NA,1587,1199,0.0455,2020,,90,900
Commerzbank,Gisele Group of Companies Ltd.,9065091743,6000091743,Germany,2020,Business,Car - SUV,Volkswagen,TIGUAN LIFE TSI S-A,Petrol,FD7FD7GC008N5N1TVR24BI1ASA0M1G,1583,1498,0.06,2020,,220,2200
DNB Bank,Laurene Group of Companies Ltd.,6570134593,4572034593,Norway,2020,Business,Car - Sedan,Volkswagen,ARTEON,Petrol,FD7FD7GC005V7CPVR21COA,1556,1498,0.05,2020,,63,750
HDFC Bank,Yazhan Group of Companies Ltd.,9804534593,7572034593,India,2020,Business,Car - SUV,Volkswagen,T-ROC R-LINE TSI EVO S-A,Petrol,FD7FD7CW0024BI1CBNN0,1417,1498,0.05,2020,,130,1300
